﻿athlete_id,age,gender,province,height_cm,weight_kg,dominant_hand,previous_sport,experience_years,weekly_training_sessions,agility_test_s,sprint20m_s,beep_test_level,reaction_time_ms,talent_label
A0000,32,زن,خراسان رضوی,159.0,45.0,راست,والیبال,3,3,13.37,3.8,5.2,253,مبتدی
A0001,32,مرد,یزد,159.2,99.8,راست,شنا,2,3,17.24,4.13,6.9,291,مبتدی
A0002,13,مرد,قم,191.7,69.9,راست,بدمینتون,2,1,14.12,4.37,6.4,392,مبتدی
A0003,12,مرد,مازندران,158.3,88.7,چپ,بسکتبال,0,4,18.69,4.2,7.1,359,مبتدی
A0004,20,زن,کرمان,157.9,67.5,چپ,بدمینتون,1,2,14.69,4.43,7.3,299,متوسط
A0005,13,مرد,مازندران,176.0,61.7,چپ,کاراته,6,6,16.03,3.92,8.8,321,متوسط
A0006,23,زن,کرمانشاه,169.9,55.0,راست,دوومیدانی,1,1,17.36,3.93,5.7,296,مبتدی
A0007,31,مرد,کرمان,177.8,71.9,راست,شنا,2,1,14.5,3.98,7.8,287,متوسط
A0008,26,زن,خراسان رضوی,162.2,51.3,چپ,دوومیدانی,0,1,16.02,4.15,5.9,315,مبتدی
A0009,27,مرد,آذربایجان شرقی,175.3,64.6,چپ,کاراته,3,3,14.27,4.15,8.6,250,مبتدی
A0010,26,زن,البرز,155.1,49.1,چپ,فوتبال,0,0,17.47,3.95,8.5,382,مبتدی
A0011,32,زن,یزد,182.5,56.8,راست,دوومیدانی,2,1,14.95,3.85,7.6,341,متوسط
A0012,31,زن,فارس,153.7,55.3,راست,دوومیدانی,0,0,16.02,4.45,6.8,334,مبتدی
A0013,16,مرد,گیلان,180.2,57.9,راست,تنیس,2,3,16.43,4.38,5.7,354,مبتدی
A0014,18,زن,فارس,147.3,67.0,چپ,بدمینتون,1,1,16.42,3.77,8.8,271,مبتدی
A0015,17,زن,آذربایجان شرقی,148.0,64.9,چپ,بسکتبال,2,3,15.3,3.89,8.6,326,مبتدی
A0016,13,مرد,تهران,169.5,70.2,راست,شنا,2,3,13.8,4.03,6.7,273,متوسط
A0017,19,مرد,گیلان,177.4,89.1,راست,بسکتبال,5,6,15.73,3.91,8.9,330,مبتدی
A0018,29,زن,خراسان رضوی,159.8,51.3,راست,دوومیدانی,0,1,15.39,3.79,9.7,339,متوسط
A0019,17,زن,قم,169.7,56.9,راست,تنیس,1,2,14.3,3.97,5.8,314,متوسط
A0020,31,مرد,تهران,167.7,61.6,راست,کاراته,1,2,15.8,4.02,8.0,332,متوسط
A0021,25,زن,کرمانشاه,173.4,71.5,چپ,والیبال,5,4,14.57,3.91,9.6,319,متوسط
A0022,19,مرد,خراسان رضوی,169.0,72.3,راست,شنا,2,3,15.66,3.9,8.0,324,متوسط
A0023,22,زن,اصفهان,179.4,74.2,راست,کاراته,6,6,13.84,3.92,8.0,259,متوسط
A0024,31,مرد,فارس,158.4,60.7,چپ,شنا,0,0,15.14,4.27,6.5,358,مبتدی
A0025,13,زن,اصفهان,157.6,38.9,راست,بدون سابقه,4,3,15.83,3.64,8.6,342,متوسط
A0026,20,زن,مازندران,165.1,59.3,راست,کاراته,4,1,15.26,3.64,8.4,358,متوسط
A0027,31,زن,گیلان,174.8,63.2,راست,دوومیدانی,0,2,17.5,4.33,5.2,310,مبتدی
A0028,21,زن,اصفهان,159.9,58.3,راست,والیبال,0,0,17.63,3.77,7.7,316,مبتدی
A0029,23,زن,البرز,160.3,68.0,چپ,شنا,0,0,16.91,3.86,7.3,385,مبتدی
A0030,20,مرد,خراسان رضوی,192.7,69.4,راست,بدمینتون,0,1,14.45,4.05,6.8,344,مبتدی
A0031,15,زن,کرمان,158.9,59.8,راست,بدمینتون,0,1,17.21,3.66,4.6,303,مبتدی
A0032,20,زن,خراسان رضوی,162.1,53.8,چپ,بدون سابقه,5,2,12.19,4.11,10.3,216,پیشرفته
A0033,32,زن,آذربایجان شرقی,154.8,63.8,چپ,فوتبال,3,4,16.42,4.0,7.2,312,مبتدی
A0034,28,زن,گیلان,166.2,56.3,چپ,بسکتبال,0,2,17.15,4.24,7.1,363,مبتدی
A0035,17,زن,یزد,166.5,58.3,چپ,بسکتبال,0,3,16.34,4.2,7.8,233,مبتدی
A0036,27,زن,البرز,157.1,58.3,چپ,والیبال,3,5,15.35,4.15,8.8,294,متوسط
A0037,16,مرد,البرز,182.2,66.2,چپ,بدون سابقه,2,3,15.54,3.83,8.7,315,متوسط
A0038,13,زن,اصفهان,173.0,61.6,چپ,فوتبال,5,4,13.19,3.81,7.6,302,متوسط
A0039,29,زن,آذربایجان شرقی,154.6,83.1,راست,تنیس,6,7,11.72,3.76,12.0,257,متوسط
A0040,24,زن,گیلان,167.0,74.2,راست,بدون سابقه,3,4,15.13,4.03,5.8,354,مبتدی
A0041,22,مرد,گیلان,158.9,57.3,چپ,شنا,5,4,16.85,3.82,6.8,273,متوسط
A0042,17,زن,آذربایجان شرقی,147.8,47.1,راست,بسکتبال,0,1,14.17,4.55,9.7,295,مبتدی
A0043,22,مرد,کرمان,170.9,58.6,راست,تنیس,4,3,13.38,3.77,7.0,305,متوسط
A0044,28,زن,گیلان,159.9,60.8,چپ,بسکتبال,0,1,14.9,4.25,6.4,305,مبتدی
A0045,19,مرد,کرمانشاه,166.0,65.4,چپ,تنیس,1,1,16.24,3.84,7.6,329,مبتدی
A0046,12,زن,اصفهان,165.5,62.0,راست,شنا,3,3,14.49,4.0,8.2,335,متوسط
A0047,27,زن,قم,152.3,35.0,چپ,فوتبال,3,4,15.5,3.79,7.7,336,مبتدی
A0048,12,مرد,اصفهان,169.8,63.4,راست,فوتبال,4,4,14.69,3.98,7.1,231,متوسط
A0049,23,زن,فارس,160.2,52.6,راست,دوومیدانی,2,1,15.56,3.94,7.0,335,متوسط
A0050,32,مرد,فارس,169.1,69.6,چپ,کاراته,2,2,16.66,3.93,6.9,266,مبتدی
A0051,19,زن,کرمانشاه,148.2,73.7,چپ,بسکتبال,1,1,15.33,4.15,8.1,358,مبتدی
A0052,26,زن,گیلان,147.0,50.7,چپ,بدمینتون,3,3,14.23,4.05,9.7,306,متوسط
A0053,18,زن,کرمانشاه,153.3,46.8,چپ,بسکتبال,6,5,12.88,4.13,9.3,207,متوسط
A0054,27,مرد,کرمان,174.4,80.1,چپ,کاراته,1,3,18.21,4.33,8.0,328,مبتدی
A0055,16,زن,قم,178.7,60.4,چپ,والیبال,3,2,14.91,3.6,7.9,358,متوسط
A0056,13,مرد,آذربایجان شرقی,165.1,75.1,راست,بسکتبال,0,0,15.1,4.39,5.8,374,مبتدی
A0057,31,زن,کرمانشاه,151.8,61.1,راست,بدون سابقه,2,4,13.99,4.45,6.6,346,مبتدی
A0058,26,زن,تهران,168.2,55.7,راست,تنیس,0,0,16.1,4.41,5.9,353,مبتدی
A0059,20,زن,البرز,172.4,61.7,چپ,شنا,4,4,15.53,3.86,8.9,318,متوسط
A0060,28,زن,تهران,160.9,56.9,راست,بدون سابقه,6,3,14.34,3.98,9.5,305,پیشرفته
A0061,21,مرد,البرز,164.0,68.9,راست,تنیس,2,1,14.45,4.39,7.1,347,متوسط
A0062,18,مرد,آذربایجان شرقی,168.8,52.9,چپ,بسکتبال,4,0,14.68,3.77,10.1,264,متوسط
A0063,28,مرد,کرمان,156.9,67.2,راست,فوتبال,1,3,15.79,3.93,7.6,309,مبتدی
A0064,24,زن,کرمان,149.9,64.3,راست,فوتبال,6,6,16.97,3.88,9.8,208,متوسط
A0065,31,مرد,مازندران,167.1,74.0,راست,بدمینتون,3,4,15.6,3.78,6.6,267,مبتدی
A0066,27,مرد,اصفهان,169.0,67.6,چپ,بدون سابقه,0,4,15.07,4.02,7.2,390,مبتدی
A0067,27,مرد,البرز,172.6,73.4,راست,تنیس,2,4,14.54,3.71,8.1,353,مبتدی
A0068,32,مرد,کرمانشاه,155.1,50.8,چپ,تنیس,0,1,15.68,4.32,8.3,371,متوسط
A0069,27,مرد,قم,163.6,67.7,چپ,دوومیدانی,3,5,14.34,3.91,7.5,284,متوسط
A0070,14,زن,فارس,180.2,58.5,راست,فوتبال,5,6,13.13,3.98,8.0,364,متوسط
A0071,29,مرد,خراسان رضوی,165.4,76.3,راست,بدون سابقه,2,2,15.4,3.91,7.0,288,متوسط
A0072,31,مرد,البرز,185.3,67.5,راست,فوتبال,0,2,16.74,4.32,4.9,347,مبتدی
A0073,23,مرد,اصفهان,164.7,83.3,چپ,تنیس,0,3,15.21,3.94,7.1,329,متوسط
A0074,27,زن,مازندران,152.0,61.7,چپ,فوتبال,0,1,14.57,3.65,6.5,338,متوسط
A0075,12,زن,اصفهان,172.5,58.1,چپ,فوتبال,0,0,16.81,4.47,7.4,416,مبتدی
A0076,12,زن,کرمانشاه,171.5,55.9,چپ,کاراته,0,0,15.88,4.24,5.7,393,مبتدی
A0077,14,مرد,قم,165.7,62.8,راست,بسکتبال,0,0,14.74,4.13,6.3,359,مبتدی
A0078,19,زن,اصفهان,156.7,77.7,چپ,فوتبال,4,5,13.61,3.77,8.8,301,متوسط
A0079,18,مرد,خراسان رضوی,176.6,81.9,راست,بدمینتون,4,3,14.57,4.24,9.1,267,متوسط
A0080,22,مرد,گیلان,162.7,80.2,چپ,کاراته,0,0,15.37,4.28,6.9,385,مبتدی
A0081,28,مرد,آذربایجان شرقی,181.7,68.7,چپ,تنیس,1,1,16.18,3.87,7.7,300,مبتدی
A0082,14,زن,فارس,163.5,65.5,راست,بسکتبال,4,3,15.26,4.07,6.8,300,مبتدی
A0083,14,زن,فارس,152.6,82.4,راست,دوومیدانی,4,4,13.89,3.74,7.6,273,مبتدی
A0084,26,مرد,گیلان,179.8,74.9,چپ,بسکتبال,0,2,16.43,4.34,5.9,378,مبتدی
A0085,24,مرد,مازندران,167.7,60.6,راست,بدمینتون,6,3,12.7,3.81,12.2,295,پیشرفته
A0086,24,مرد,اصفهان,172.8,83.0,چپ,بسکتبال,0,0,15.55,3.91,5.0,257,مبتدی
A0087,14,زن,کرمانشاه,171.2,58.5,چپ,فوتبال,4,6,14.34,3.74,7.4,276,متوسط
A0088,25,زن,فارس,145.6,51.2,چپ,بسکتبال,0,0,16.26,4.01,7.8,335,مبتدی
A0089,15,زن,گیلان,162.0,60.0,چپ,بدون سابقه,1,1,15.22,4.13,9.3,334,مبتدی
A0090,19,زن,آذربایجان شرقی,157.5,52.7,چپ,والیبال,2,4,17.12,4.17,8.7,384,مبتدی
A0091,21,زن,مازندران,169.1,71.3,چپ,بدون سابقه,0,3,16.65,4.14,7.6,379,مبتدی
A0092,14,زن,مازندران,156.2,49.2,راست,بسکتبال,3,4,13.48,3.93,8.3,361,متوسط
A0093,32,زن,تهران,171.4,71.6,راست,فوتبال,1,4,18.07,3.61,5.3,382,مبتدی
A0094,24,زن,خراسان رضوی,171.9,71.4,راست,شنا,2,2,15.14,3.91,7.7,393,مبتدی
A0095,12,مرد,قم,167.8,63.7,راست,بدمینتون,4,5,15.02,3.76,10.0,311,متوسط
A0096,15,زن,اصفهان,160.5,58.7,راست,تنیس,2,2,14.77,4.09,8.2,320,متوسط
A0097,21,مرد,اصفهان,160.5,69.2,راست,کاراته,5,5,14.46,4.12,6.3,240,متوسط
A0098,32,زن,مازندران,157.3,69.9,راست,فوتبال,1,3,17.14,4.18,8.5,353,مبتدی
A0099,29,زن,کرمانشاه,156.2,75.1,چپ,شنا,3,1,14.9,4.22,6.7,292,مبتدی
A0100,20,مرد,گیلان,177.7,83.3,راست,شنا,2,2,15.22,4.23,6.6,346,مبتدی
A0101,24,زن,خراسان رضوی,164.4,35.0,چپ,والیبال,2,3,16.1,4.21,9.2,331,مبتدی
A0102,27,مرد,مازندران,172.2,66.0,چپ,والیبال,3,3,15.12,3.85,6.7,292,متوسط
A0103,27,زن,یزد,168.8,43.7,راست,بدمینتون,3,4,15.4,4.12,6.9,209,متوسط
A0104,17,مرد,کرمان,180.1,88.6,چپ,دوومیدانی,2,2,15.27,4.1,6.9,272,متوسط
A0105,27,زن,آذربایجان شرقی,160.1,64.6,راست,شنا,1,1,17.4,4.38,6.1,332,مبتدی
A0106,24,زن,خراسان رضوی,153.7,64.1,چپ,بدون سابقه,0,2,15.77,4.09,8.1,369,مبتدی
A0107,21,زن,گیلان,165.6,53.4,راست,کاراته,0,3,16.95,4.28,5.5,369,مبتدی
A0108,17,مرد,البرز,181.7,62.2,چپ,بدون سابقه,0,2,16.41,3.87,5.4,388,مبتدی
A0109,18,مرد,آذربایجان شرقی,171.4,69.4,چپ,والیبال,0,0,14.44,4.39,4.9,375,مبتدی
A0110,25,زن,قم,152.5,69.8,چپ,تنیس,3,2,14.1,3.98,8.8,328,مبتدی
A0111,18,زن,تهران,158.7,43.1,چپ,دوومیدانی,0,2,16.43,3.84,8.4,337,مبتدی
A0112,23,مرد,فارس,177.2,86.1,راست,بسکتبال,1,4,15.64,3.79,9.7,250,متوسط
A0113,19,زن,آذربایجان شرقی,165.3,59.4,راست,بدون سابقه,4,4,13.44,4.15,6.5,314,مبتدی
A0114,13,زن,قم,164.4,65.4,راست,شنا,4,3,14.27,4.06,5.9,284,متوسط
A0115,25,مرد,فارس,173.7,68.3,راست,تنیس,5,6,14.04,4.09,5.6,386,مبتدی
A0116,13,مرد,قم,171.6,78.5,چپ,فوتبال,1,2,16.05,4.4,8.4,266,مبتدی
A0117,14,مرد,قم,175.4,75.1,راست,تنیس,5,4,13.3,3.76,7.6,286,متوسط
A0118,26,مرد,فارس,178.5,77.7,چپ,دوومیدانی,2,2,15.25,3.89,7.8,331,مبتدی
A0119,23,زن,تهران,151.4,61.0,راست,تنیس,3,3,16.42,3.59,6.7,342,مبتدی
A0120,31,زن,کرمان,156.2,49.5,راست,دوومیدانی,0,1,16.15,3.98,6.0,303,مبتدی
A0121,19,زن,قم,163.8,68.8,چپ,تنیس,5,4,14.47,3.85,6.7,278,مبتدی
A0122,20,زن,کرمانشاه,164.6,49.6,چپ,والیبال,6,6,16.19,3.85,8.1,273,متوسط
A0123,29,مرد,تهران,175.6,81.5,راست,والیبال,2,1,16.28,3.97,6.6,282,مبتدی
A0124,27,زن,کرمان,153.5,56.1,راست,کاراته,5,4,14.04,3.83,10.1,269,متوسط
A0125,13,زن,کرمانشاه,175.5,35.0,چپ,شنا,2,2,14.04,4.03,5.5,323,متوسط
A0126,19,زن,آذربایجان شرقی,147.6,37.8,چپ,کاراته,5,4,11.67,4.0,8.1,253,متوسط
A0127,32,زن,کرمانشاه,159.5,55.4,راست,شنا,3,3,15.14,4.06,7.0,335,مبتدی
A0128,14,مرد,فارس,174.8,66.1,چپ,بدون سابقه,3,5,14.86,4.17,9.6,303,متوسط
A0129,26,مرد,یزد,171.1,71.8,راست,والیبال,0,1,16.12,4.13,5.0,379,مبتدی
A0130,21,مرد,کرمانشاه,185.5,74.0,چپ,بدمینتون,1,2,16.27,4.08,5.1,364,مبتدی
A0131,24,زن,کرمانشاه,161.0,55.6,راست,فوتبال,1,0,15.34,4.05,5.5,297,مبتدی
A0132,30,مرد,فارس,174.5,64.8,راست,کاراته,0,4,16.93,4.08,6.4,341,مبتدی
A0133,12,زن,مازندران,171.3,61.9,راست,والیبال,3,3,16.18,3.87,9.6,331,متوسط
A0134,31,مرد,خراسان رضوی,172.0,64.6,راست,کاراته,3,4,16.4,3.98,8.0,341,مبتدی
A0135,17,مرد,یزد,172.4,72.0,راست,بسکتبال,4,3,15.78,3.83,8.5,359,مبتدی
A0136,26,مرد,تهران,178.0,60.5,چپ,بدمینتون,2,5,15.61,3.96,8.4,331,مبتدی
A0137,12,زن,کرمانشاه,161.0,60.3,راست,بسکتبال,0,2,15.46,3.77,6.9,276,متوسط
A0138,24,مرد,اصفهان,173.1,64.4,چپ,فوتبال,3,3,14.35,3.87,5.9,347,متوسط
A0139,15,زن,مازندران,153.7,56.6,چپ,شنا,4,6,15.47,3.94,5.9,419,مبتدی
A0140,25,زن,مازندران,160.0,70.8,چپ,شنا,1,2,15.38,4.25,7.7,376,مبتدی
A0141,32,مرد,اصفهان,157.7,77.6,چپ,دوومیدانی,2,3,11.73,4.09,7.6,325,مبتدی
A0142,30,زن,مازندران,167.5,64.5,راست,بسکتبال,0,2,16.94,4.03,6.7,423,مبتدی
A0143,21,زن,تهران,162.5,48.0,چپ,کاراته,0,0,18.08,3.85,5.1,404,مبتدی
A0144,29,مرد,اصفهان,175.9,54.4,راست,کاراته,0,0,16.38,4.24,7.8,308,مبتدی
A0145,26,زن,فارس,163.9,63.4,چپ,بسکتبال,7,4,13.37,3.43,8.1,296,متوسط
A0146,22,زن,قم,159.0,68.4,چپ,دوومیدانی,4,3,14.23,3.79,10.1,255,متوسط
A0147,19,زن,یزد,171.5,49.0,چپ,والیبال,0,1,16.62,4.13,5.0,369,مبتدی
A0148,21,مرد,تهران,157.9,67.3,راست,بسکتبال,2,3,15.26,4.18,12.0,338,متوسط
A0149,12,مرد,خراسان رضوی,155.9,90.1,راست,شنا,0,1,16.53,4.3,6.8,282,مبتدی
A0150,30,مرد,آذربایجان شرقی,153.3,68.0,چپ,تنیس,4,5,13.43,3.77,9.2,240,متوسط
A0151,26,زن,گیلان,158.9,74.8,راست,بدون سابقه,2,3,17.85,3.83,6.8,345,مبتدی
A0152,26,مرد,تهران,168.5,83.7,راست,کاراته,4,3,11.36,3.72,9.4,306,متوسط
A0153,18,زن,اصفهان,146.8,45.8,چپ,بدمینتون,0,3,17.21,4.14,7.3,347,مبتدی
A0154,32,مرد,اصفهان,171.7,64.5,راست,فوتبال,2,3,16.47,4.23,6.8,323,مبتدی
A0155,27,زن,یزد,165.4,66.6,راست,بدمینتون,4,1,14.39,4.12,7.1,280,مبتدی
A0156,18,زن,اصفهان,160.5,51.4,چپ,بدمینتون,0,2,16.87,4.11,7.9,340,مبتدی
A0157,27,مرد,مازندران,178.3,62.2,چپ,بدمینتون,0,4,14.49,4.06,6.0,304,مبتدی
A0158,23,زن,فارس,163.2,56.3,چپ,کاراته,2,3,15.28,4.59,5.9,240,مبتدی
A0159,17,مرد,فارس,173.5,90.2,چپ,دوومیدانی,5,4,14.17,4.4,9.2,250,متوسط
A0160,21,زن,مازندران,166.9,46.9,چپ,دوومیدانی,2,3,16.18,4.15,6.1,334,مبتدی
A0161,30,مرد,آذربایجان شرقی,179.7,66.1,راست,فوتبال,0,0,16.27,3.56,6.8,331,مبتدی
A0162,19,زن,اصفهان,159.0,58.6,راست,کاراته,0,1,15.08,4.05,7.1,447,مبتدی
A0163,27,مرد,کرمان,184.6,55.8,راست,فوتبال,0,2,15.93,4.22,8.1,373,مبتدی
A0164,12,مرد,کرمان,176.4,69.6,چپ,دوومیدانی,3,1,16.23,4.12,7.7,364,متوسط
A0165,21,زن,آذربایجان شرقی,148.4,59.0,چپ,بسکتبال,6,5,13.23,4.23,7.1,311,متوسط
A0166,18,مرد,کرمان,170.5,70.9,راست,بدون سابقه,1,1,15.09,4.12,8.5,306,متوسط
A0167,18,زن,مازندران,161.7,55.6,راست,والیبال,0,1,16.61,4.0,7.8,317,مبتدی
A0168,16,زن,خراسان رضوی,158.0,67.5,راست,والیبال,1,2,15.94,3.78,8.7,306,متوسط
A0169,25,زن,اصفهان,165.1,49.1,چپ,شنا,1,1,14.44,4.22,8.6,330,متوسط
A0170,19,زن,قم,165.1,58.2,راست,بدمینتون,1,2,15.7,3.83,7.7,346,متوسط
A0171,31,مرد,اصفهان,170.2,63.4,راست,شنا,1,4,16.18,3.93,7.5,267,مبتدی
A0172,23,مرد,آذربایجان شرقی,168.0,73.9,چپ,بدون سابقه,0,3,16.12,3.89,8.5,301,مبتدی
A0173,32,مرد,کرمانشاه,156.4,69.0,راست,بدون سابقه,2,4,17.09,3.86,8.5,294,متوسط
A0174,17,مرد,گیلان,191.0,65.5,راست,والیبال,6,4,13.61,3.56,8.4,321,متوسط
A0175,13,زن,اصفهان,166.7,66.5,راست,بسکتبال,2,4,16.44,4.23,9.1,295,مبتدی
A0176,22,مرد,گیلان,162.6,75.9,چپ,بدمینتون,0,2,16.89,3.86,9.3,366,متوسط
A0177,23,مرد,قم,179.3,64.9,چپ,دوومیدانی,0,1,17.66,4.15,5.6,284,مبتدی
A0178,22,زن,آذربایجان شرقی,153.8,62.0,راست,شنا,4,3,15.66,3.75,8.7,264,متوسط
A0179,15,زن,تهران,170.5,47.4,چپ,شنا,1,3,15.71,4.18,4.7,382,مبتدی
A0180,28,مرد,تهران,165.4,66.1,راست,دوومیدانی,3,2,16.14,3.98,7.0,367,مبتدی
A0181,22,مرد,تهران,178.1,72.5,چپ,کاراته,1,2,18.82,4.18,5.9,236,مبتدی
A0182,21,مرد,آذربایجان شرقی,153.0,74.3,چپ,دوومیدانی,3,4,14.27,3.62,8.7,299,متوسط
A0183,17,زن,فارس,144.9,75.5,راست,بدمینتون,0,0,14.53,4.0,8.9,361,متوسط
A0184,24,مرد,آذربایجان شرقی,181.2,54.2,چپ,شنا,1,3,15.31,4.09,4.7,384,مبتدی
A0185,16,زن,مازندران,174.9,62.4,راست,تنیس,0,2,15.71,3.82,6.2,376,مبتدی
A0186,23,مرد,کرمان,170.9,60.2,چپ,کاراته,0,2,16.8,4.25,9.1,308,مبتدی
A0187,17,زن,اصفهان,171.5,50.4,راست,بدمینتون,0,1,14.18,4.49,8.4,350,مبتدی
A0188,32,مرد,کرمان,160.8,80.9,راست,فوتبال,0,2,14.6,4.01,7.2,311,مبتدی
A0189,21,زن,خراسان رضوی,170.4,69.8,راست,فوتبال,2,2,14.12,4.38,8.2,331,متوسط
A0190,29,زن,مازندران,176.7,67.0,راست,فوتبال,1,2,14.29,4.32,8.4,358,مبتدی
A0191,15,مرد,آذربایجان شرقی,184.5,78.0,راست,کاراته,6,5,13.54,4.05,7.5,252,متوسط
A0192,16,مرد,یزد,172.6,65.4,چپ,بسکتبال,3,5,13.64,4.09,8.8,314,متوسط
A0193,28,زن,البرز,169.4,41.1,راست,دوومیدانی,4,6,15.56,4.01,6.7,355,مبتدی
A0194,29,مرد,مازندران,165.0,46.6,راست,بدون سابقه,2,2,16.55,4.04,7.5,325,مبتدی
A0195,32,مرد,فارس,167.8,58.6,چپ,بدمینتون,3,3,16.35,3.95,9.0,335,متوسط
A0196,23,زن,تهران,176.0,64.6,چپ,شنا,3,3,15.4,4.29,6.8,305,مبتدی
A0197,29,زن,قم,159.4,60.6,راست,تنیس,6,4,12.62,4.34,6.8,260,متوسط
A0198,18,زن,یزد,162.9,37.0,راست,تنیس,0,1,16.26,4.05,7.9,337,مبتدی
A0199,20,مرد,کرمان,177.6,61.8,چپ,فوتبال,4,5,14.95,3.3,6.9,217,متوسط
A0200,30,زن,فارس,178.4,51.1,چپ,والیبال,2,3,15.0,3.59,7.2,355,متوسط
A0201,17,زن,آذربایجان شرقی,159.0,60.5,راست,بدمینتون,2,3,14.37,3.65,7.3,322,متوسط
A0202,21,مرد,گیلان,161.2,67.1,چپ,کاراته,1,4,17.0,4.38,5.6,384,مبتدی
A0203,12,مرد,خراسان رضوی,178.5,62.7,چپ,دوومیدانی,4,4,15.9,3.68,6.6,309,مبتدی
A0204,21,مرد,قم,168.1,72.8,چپ,بسکتبال,2,2,14.99,4.07,6.7,312,مبتدی
A0205,22,زن,کرمان,165.1,46.4,چپ,بدمینتون,0,1,15.43,4.3,8.6,387,مبتدی
A0206,23,مرد,مازندران,171.0,66.9,راست,بسکتبال,4,4,12.59,3.67,10.6,249,پیشرفته
A0207,21,مرد,یزد,155.6,91.4,چپ,کاراته,5,3,14.29,3.93,10.8,324,متوسط
A0208,20,مرد,یزد,176.6,75.1,چپ,بدمینتون,1,3,15.45,3.8,7.9,394,مبتدی
A0209,29,زن,کرمان,170.0,52.5,راست,تنیس,0,1,17.56,4.23,6.1,368,مبتدی
A0210,32,زن,یزد,168.2,52.8,چپ,کاراته,2,3,15.16,4.0,6.8,313,مبتدی
A0211,17,زن,یزد,160.7,47.2,راست,دوومیدانی,4,5,15.5,3.83,6.2,266,متوسط
A0212,24,مرد,گیلان,171.4,56.3,چپ,شنا,5,4,14.34,3.51,8.1,308,متوسط
A0213,24,مرد,قم,161.2,68.6,راست,تنیس,6,5,12.48,3.56,9.0,326,متوسط
A0214,18,مرد,یزد,173.7,68.7,راست,بدون سابقه,2,1,15.01,3.95,8.3,282,مبتدی
A0215,26,مرد,کرمان,187.4,56.7,چپ,بدمینتون,3,4,16.16,3.67,8.0,351,متوسط
A0216,18,زن,آذربایجان شرقی,153.5,48.2,راست,بسکتبال,5,2,14.69,3.73,9.6,260,متوسط
A0217,32,مرد,کرمانشاه,184.2,54.7,راست,بدمینتون,2,2,14.81,4.16,8.7,299,مبتدی
A0218,13,زن,یزد,151.2,55.0,چپ,بسکتبال,0,0,16.14,4.02,7.2,340,مبتدی
A0219,19,زن,خراسان رضوی,161.6,63.0,چپ,بدمینتون,4,5,13.67,4.02,9.8,325,متوسط
A0220,14,مرد,البرز,166.6,77.5,چپ,بدمینتون,3,3,15.2,3.99,5.1,261,متوسط
A0221,27,مرد,اصفهان,175.5,58.4,چپ,دوومیدانی,2,3,16.35,3.95,8.2,314,مبتدی
A0222,12,زن,مازندران,175.7,47.3,راست,تنیس,2,3,15.23,4.15,6.6,255,مبتدی
A0223,27,زن,کرمان,158.2,65.4,چپ,بدمینتون,1,0,16.54,4.03,9.4,316,مبتدی
A0224,23,مرد,فارس,158.7,60.4,راست,والیبال,2,1,15.25,3.83,9.3,354,متوسط
A0225,13,زن,گیلان,161.6,69.7,چپ,دوومیدانی,6,5,13.15,4.04,9.8,322,متوسط
A0226,18,زن,کرمانشاه,170.2,56.7,چپ,والیبال,5,7,13.95,3.62,9.0,297,متوسط
A0227,15,زن,البرز,160.0,51.9,چپ,والیبال,3,4,15.8,4.37,5.8,339,مبتدی
A0228,12,مرد,تهران,171.4,76.9,راست,دوومیدانی,1,2,16.83,4.12,6.4,329,مبتدی
A0229,24,مرد,فارس,161.6,83.3,راست,والیبال,2,1,13.22,4.8,6.7,358,مبتدی
A0230,14,مرد,فارس,177.7,90.7,راست,شنا,1,3,17.49,3.93,9.1,308,مبتدی
A0231,31,مرد,گیلان,156.7,52.6,چپ,دوومیدانی,1,2,15.45,4.03,5.4,376,مبتدی
A0232,24,مرد,تهران,162.7,76.7,راست,بدون سابقه,6,6,13.26,3.95,7.2,242,متوسط
A0233,26,زن,تهران,171.3,78.5,چپ,کاراته,6,5,13.53,3.61,7.4,212,پیشرفته
A0234,32,زن,یزد,159.0,61.1,راست,فوتبال,3,3,14.85,3.76,7.9,384,متوسط
A0235,25,زن,کرمانشاه,162.3,57.8,راست,کاراته,4,3,17.22,3.95,6.6,233,مبتدی
A0236,18,مرد,اصفهان,174.5,62.6,راست,شنا,3,3,15.87,4.01,7.0,292,متوسط
A0237,28,مرد,اصفهان,180.7,72.7,راست,فوتبال,1,4,14.33,3.92,9.0,276,متوسط
A0238,15,مرد,مازندران,156.0,66.4,چپ,بدون سابقه,1,3,15.78,4.44,8.0,324,مبتدی
A0239,16,مرد,یزد,183.8,72.4,چپ,والیبال,3,2,13.27,3.86,7.6,352,متوسط
A0240,14,مرد,البرز,161.0,73.8,چپ,تنیس,3,3,15.11,4.37,8.1,295,مبتدی
A0241,25,زن,تهران,166.9,72.8,چپ,تنیس,0,1,15.96,4.07,7.1,408,مبتدی
A0242,15,زن,خراسان رضوی,181.1,79.5,راست,فوتبال,2,4,15.51,4.32,7.5,287,متوسط
A0243,17,زن,البرز,155.5,46.5,راست,فوتبال,6,6,13.37,4.12,8.0,326,متوسط
A0244,21,مرد,کرمان,169.6,69.3,چپ,فوتبال,0,0,16.43,4.08,9.1,302,متوسط
A0245,12,زن,یزد,164.8,68.4,راست,فوتبال,4,6,14.62,4.23,8.1,288,متوسط
A0246,29,زن,گیلان,158.0,69.1,راست,دوومیدانی,1,2,15.8,4.18,7.5,360,مبتدی
A0247,17,مرد,کرمان,176.2,82.1,راست,بدمینتون,3,4,13.96,3.89,8.3,302,مبتدی
A0248,13,مرد,خراسان رضوی,165.6,67.8,راست,فوتبال,2,3,15.54,3.83,8.9,312,متوسط
A0249,23,مرد,یزد,172.9,62.4,چپ,بسکتبال,3,3,15.73,3.89,5.9,408,مبتدی
A0250,26,مرد,گیلان,162.3,54.5,راست,بسکتبال,1,2,15.82,3.89,6.5,331,مبتدی
A0251,24,زن,اصفهان,170.6,50.7,چپ,بسکتبال,2,3,14.13,4.21,6.6,305,متوسط
A0252,21,مرد,قم,175.0,65.3,راست,تنیس,0,1,16.47,4.1,5.6,405,مبتدی
A0253,24,مرد,البرز,168.1,59.9,راست,شنا,0,2,14.01,3.97,7.1,299,متوسط
A0254,12,مرد,تهران,176.4,71.3,راست,بدون سابقه,1,2,16.57,3.88,7.3,340,مبتدی
A0255,14,مرد,کرمانشاه,187.5,62.4,راست,دوومیدانی,1,3,15.79,3.83,7.8,363,مبتدی
A0256,31,مرد,تهران,179.4,80.1,راست,فوتبال,3,2,14.45,4.16,9.5,293,متوسط
A0257,30,زن,قم,169.3,56.7,راست,دوومیدانی,0,0,15.64,4.2,5.6,337,مبتدی
A0258,19,زن,کرمان,158.4,53.9,راست,بسکتبال,3,4,13.17,3.66,8.4,278,متوسط
A0259,15,زن,یزد,166.9,54.9,چپ,تنیس,3,3,14.07,3.8,7.6,321,متوسط
A0260,29,مرد,آذربایجان شرقی,171.5,78.3,چپ,دوومیدانی,3,3,13.99,3.94,8.1,347,مبتدی
A0261,19,زن,فارس,169.7,64.1,راست,فوتبال,2,0,15.66,4.13,6.3,326,مبتدی
A0262,17,مرد,یزد,177.3,55.9,چپ,کاراته,3,3,15.89,4.55,7.1,310,مبتدی
A0263,32,مرد,اصفهان,178.0,53.5,راست,فوتبال,0,1,17.23,4.19,9.5,298,متوسط
A0264,23,زن,یزد,161.9,55.9,راست,والیبال,7,5,12.66,3.45,10.6,241,پیشرفته
A0265,24,مرد,مازندران,176.9,62.8,چپ,بدمینتون,3,3,14.07,4.36,9.2,342,متوسط
A0266,16,زن,البرز,160.5,49.1,چپ,والیبال,3,2,15.73,4.04,9.1,313,متوسط
A0267,17,زن,گیلان,154.9,54.9,چپ,دوومیدانی,2,2,15.27,3.93,8.6,277,متوسط
A0268,18,مرد,کرمانشاه,154.6,59.8,چپ,دوومیدانی,3,4,16.66,4.12,8.3,300,مبتدی
A0269,31,مرد,اصفهان,164.8,59.0,راست,والیبال,1,2,15.33,3.91,6.7,366,مبتدی
A0270,13,زن,اصفهان,164.1,47.5,راست,شنا,3,5,15.14,3.49,9.6,270,متوسط
A0271,15,مرد,فارس,162.0,67.6,چپ,شنا,5,3,13.84,3.88,9.7,314,متوسط
A0272,31,مرد,یزد,155.7,84.1,راست,والیبال,3,4,14.87,3.84,10.0,345,متوسط
A0273,18,مرد,اصفهان,183.9,73.8,چپ,شنا,2,3,16.52,3.73,7.4,311,متوسط
A0274,20,مرد,اصفهان,179.4,68.0,راست,بدمینتون,3,2,14.91,3.96,8.2,331,متوسط
A0275,32,مرد,کرمانشاه,156.1,69.5,راست,بدون سابقه,3,4,13.11,4.44,7.9,231,متوسط
A0276,26,زن,کرمان,169.6,51.1,چپ,بدون سابقه,1,2,16.39,4.18,5.8,387,مبتدی
A0277,22,زن,یزد,159.6,60.1,چپ,تنیس,2,4,14.82,4.11,6.4,271,متوسط
A0278,20,مرد,یزد,150.6,72.6,چپ,شنا,0,1,15.46,4.11,6.6,314,مبتدی
A0279,28,زن,تهران,160.0,39.6,راست,والیبال,1,2,15.2,3.63,5.9,319,مبتدی
A0280,23,مرد,فارس,178.2,82.5,چپ,بسکتبال,6,6,13.18,3.88,8.2,199,متوسط
A0281,30,مرد,خراسان رضوی,166.6,69.0,چپ,کاراته,1,3,16.58,3.87,8.9,354,مبتدی
A0282,32,مرد,کرمان,167.3,65.5,راست,تنیس,3,4,15.58,3.76,10.1,284,متوسط
A0283,12,مرد,خراسان رضوی,175.9,74.7,چپ,بسکتبال,2,4,15.49,4.1,7.3,334,مبتدی
A0284,21,مرد,قم,176.4,77.5,چپ,دوومیدانی,1,2,13.39,4.14,7.4,352,مبتدی
A0285,13,زن,مازندران,178.1,43.5,چپ,کاراته,5,3,14.74,3.83,7.9,314,متوسط
A0286,21,زن,کرمانشاه,162.7,60.5,چپ,فوتبال,2,1,13.87,3.98,7.7,302,مبتدی
A0287,18,زن,گیلان,161.7,52.1,چپ,فوتبال,4,2,14.85,3.49,8.9,318,متوسط
A0288,18,زن,قم,149.7,60.7,راست,بدمینتون,5,5,12.52,3.99,9.3,207,متوسط
A0289,27,زن,البرز,159.5,54.2,چپ,کاراته,3,4,12.87,3.69,9.7,312,متوسط
A0290,30,زن,مازندران,152.2,78.4,راست,کاراته,5,6,14.77,3.77,7.5,287,مبتدی
A0291,16,مرد,کرمانشاه,171.1,51.7,چپ,دوومیدانی,5,4,14.9,3.6,8.8,290,مبتدی
A0292,26,زن,یزد,166.3,77.2,راست,تنیس,0,0,15.46,3.89,6.9,295,مبتدی
A0293,19,زن,البرز,144.4,41.0,چپ,بدمینتون,3,4,15.24,3.99,7.6,298,متوسط
A0294,25,مرد,تهران,175.6,93.0,راست,والیبال,0,1,16.43,4.11,8.4,348,مبتدی
A0295,32,مرد,کرمانشاه,175.9,84.2,راست,شنا,3,5,13.12,4.17,9.7,408,متوسط
A0296,31,زن,قم,157.3,70.7,چپ,تنیس,2,3,14.88,3.82,7.9,327,مبتدی
A0297,12,زن,گیلان,149.2,62.4,راست,تنیس,5,5,14.43,4.01,9.4,254,متوسط
A0298,17,مرد,کرمانشاه,167.3,67.7,راست,کاراته,2,2,15.06,4.06,7.6,253,متوسط
A0299,29,زن,تهران,169.9,63.7,چپ,بسکتبال,2,3,14.59,3.8,6.2,279,متوسط
A0300,31,مرد,یزد,164.5,52.0,چپ,بدون سابقه,3,3,15.06,3.9,9.2,298,متوسط
A0301,26,زن,تهران,143.6,52.1,چپ,بدون سابقه,3,4,15.56,3.62,9.2,362,مبتدی
A0302,12,زن,قم,162.0,44.2,چپ,دوومیدانی,1,1,16.08,3.78,8.8,380,متوسط
A0303,16,زن,کرمانشاه,160.9,67.2,راست,والیبال,3,4,14.05,3.72,6.0,317,متوسط
A0304,20,زن,یزد,174.0,56.8,چپ,کاراته,0,1,15.52,3.98,6.7,292,مبتدی
A0305,19,مرد,قم,181.3,70.9,چپ,تنیس,4,2,15.65,4.27,7.9,284,متوسط
A0306,12,مرد,البرز,171.7,70.7,چپ,بدمینتون,3,1,17.08,3.85,8.4,362,مبتدی
A0307,28,مرد,فارس,157.6,45.3,راست,شنا,4,4,14.3,4.02,10.1,314,متوسط
A0308,24,مرد,کرمانشاه,172.5,75.0,چپ,بدون سابقه,3,3,13.17,4.4,5.4,355,مبتدی
A0309,32,زن,خراسان رضوی,166.3,59.6,راست,بدمینتون,4,4,12.32,3.89,7.5,271,متوسط
A0310,24,مرد,کرمانشاه,167.4,66.8,راست,والیبال,2,4,15.06,4.18,7.1,297,مبتدی
A0311,26,مرد,البرز,166.7,76.3,راست,بدون سابقه,3,1,15.57,4.24,7.4,367,مبتدی
A0312,18,مرد,یزد,188.3,80.5,چپ,بدون سابقه,5,6,15.54,3.68,6.9,245,متوسط
A0313,19,مرد,تهران,161.0,66.0,چپ,بدون سابقه,3,4,15.04,3.95,7.3,257,متوسط
A0314,31,زن,گیلان,157.5,60.8,راست,والیبال,4,5,14.83,4.14,6.3,301,مبتدی
A0315,23,زن,خراسان رضوی,171.0,63.3,راست,بدمینتون,0,2,16.13,4.09,7.4,344,مبتدی
A0316,30,زن,یزد,173.7,58.8,چپ,بدمینتون,0,2,13.26,4.09,7.3,316,متوسط
A0317,16,زن,کرمانشاه,170.0,62.1,راست,بدمینتون,2,3,14.06,3.86,8.0,315,مبتدی
A0318,24,زن,البرز,152.0,53.8,راست,دوومیدانی,5,5,14.39,4.14,10.5,231,پیشرفته
A0319,16,زن,کرمانشاه,159.0,69.0,راست,بدون سابقه,5,5,14.2,4.15,8.0,261,متوسط
A0320,21,مرد,کرمان,179.5,84.1,راست,بدمینتون,3,3,16.01,3.82,8.9,336,متوسط
A0321,16,زن,گیلان,157.7,64.0,چپ,شنا,7,4,11.38,3.81,7.5,270,متوسط
A0322,30,مرد,تهران,169.3,62.6,راست,بدمینتون,3,4,14.26,4.06,10.4,263,متوسط
A0323,29,زن,خراسان رضوی,160.1,52.3,چپ,کاراته,6,2,16.12,4.26,8.5,208,متوسط
A0324,21,زن,آذربایجان شرقی,166.9,35.0,راست,دوومیدانی,4,5,14.76,3.82,8.8,335,متوسط
A0325,12,زن,فارس,164.6,71.8,راست,والیبال,4,4,13.9,3.72,7.3,249,متوسط
A0326,17,زن,تهران,154.1,46.2,چپ,شنا,0,0,16.53,4.18,6.6,379,مبتدی
A0327,15,مرد,فارس,171.4,59.9,چپ,والیبال,0,0,15.51,3.99,7.7,349,مبتدی
A0328,32,مرد,البرز,156.6,66.1,راست,دوومیدانی,4,5,13.64,3.94,7.9,273,متوسط
A0329,22,زن,فارس,170.0,38.0,راست,کاراته,1,1,16.2,4.2,6.4,317,مبتدی
A0330,13,زن,مازندران,155.4,68.1,چپ,بدون سابقه,4,5,15.52,4.12,7.0,275,مبتدی
A0331,15,مرد,کرمانشاه,159.2,73.6,راست,کاراته,5,4,13.39,4.05,7.3,319,متوسط
A0332,20,زن,کرمان,168.1,72.8,راست,بسکتبال,3,4,14.67,3.6,7.8,342,متوسط
A0333,25,زن,کرمان,157.7,41.2,چپ,بدون سابقه,0,2,15.02,4.54,5.9,342,مبتدی
A0334,16,مرد,البرز,174.6,72.1,راست,تنیس,3,2,15.43,3.59,8.7,283,متوسط
A0335,30,زن,البرز,165.5,59.2,چپ,کاراته,4,5,14.67,3.84,7.3,351,متوسط
A0336,19,مرد,قم,165.3,75.5,راست,بدون سابقه,2,2,15.21,3.97,7.3,326,مبتدی
A0337,19,مرد,اصفهان,179.6,47.4,راست,کاراته,3,2,13.93,4.21,4.9,368,مبتدی
A0338,13,مرد,یزد,173.6,82.3,راست,تنیس,5,3,14.7,3.66,7.8,315,مبتدی
A0339,26,زن,گیلان,165.9,57.5,چپ,بسکتبال,2,3,16.52,4.26,9.9,293,متوسط
A0340,17,مرد,کرمان,175.5,68.9,چپ,بدمینتون,2,3,16.74,3.87,10.0,293,متوسط
A0341,17,زن,کرمان,163.0,57.3,چپ,بدون سابقه,0,2,16.69,4.41,6.7,306,مبتدی
A0342,16,مرد,تهران,170.8,71.2,چپ,بدمینتون,1,2,14.2,3.78,8.0,360,متوسط
A0343,15,زن,کرمان,158.3,55.0,چپ,بسکتبال,1,3,15.17,3.82,5.1,301,مبتدی
A0344,29,زن,کرمان,161.6,63.6,راست,بدون سابقه,0,0,16.16,4.15,8.9,448,مبتدی
A0345,18,زن,خراسان رضوی,161.7,58.8,راست,تنیس,5,3,13.04,3.76,9.2,338,متوسط
A0346,32,مرد,خراسان رضوی,167.2,73.7,راست,بدون سابقه,2,4,16.48,4.07,9.9,308,متوسط
A0347,12,مرد,کرمانشاه,165.4,90.0,راست,والیبال,0,2,16.61,4.54,7.8,309,مبتدی
A0348,20,زن,کرمانشاه,151.8,47.2,چپ,کاراته,3,3,17.28,3.8,7.6,353,مبتدی
A0349,26,زن,اصفهان,166.5,63.4,راست,فوتبال,2,1,15.72,4.32,6.0,367,مبتدی
A0350,27,زن,کرمان,142.5,58.0,چپ,بسکتبال,1,1,15.81,4.3,7.3,315,مبتدی
A0351,31,زن,گیلان,167.4,56.8,چپ,شنا,2,3,14.89,3.85,8.9,326,متوسط
A0352,16,مرد,گیلان,163.0,60.1,چپ,کاراته,1,2,16.63,4.12,4.8,343,مبتدی
A0353,17,زن,یزد,155.3,54.4,چپ,بسکتبال,1,3,14.53,4.03,7.8,305,متوسط
A0354,26,زن,کرمانشاه,158.2,63.2,راست,فوتبال,6,5,13.33,3.57,9.6,311,متوسط
A0355,24,زن,کرمان,170.0,50.3,چپ,بسکتبال,3,4,14.4,4.01,8.5,301,متوسط
A0356,26,مرد,قم,170.9,68.0,چپ,بسکتبال,1,2,15.69,4.0,6.2,336,مبتدی
A0357,20,مرد,گیلان,178.5,68.5,چپ,شنا,3,2,14.55,3.89,10.5,347,متوسط
A0358,32,زن,فارس,170.9,50.5,چپ,بدون سابقه,3,4,13.23,4.11,8.9,391,متوسط
A0359,29,زن,کرمانشاه,149.7,52.5,راست,شنا,1,3,14.71,3.82,5.9,255,متوسط
A0360,31,مرد,آذربایجان شرقی,168.3,87.3,راست,کاراته,7,5,15.88,3.81,9.4,285,متوسط
A0361,32,زن,اصفهان,154.5,56.5,راست,فوتبال,4,3,14.71,3.83,7.5,332,متوسط
A0362,15,زن,کرمان,167.9,50.7,چپ,بدون سابقه,2,3,14.47,3.63,7.7,361,متوسط
A0363,19,زن,خراسان رضوی,153.2,57.6,چپ,کاراته,2,1,15.23,3.74,6.3,349,مبتدی
A0364,25,زن,یزد,159.8,60.3,چپ,بدون سابقه,1,3,16.41,3.86,4.8,351,مبتدی
A0365,12,زن,فارس,146.1,65.8,راست,تنیس,2,3,15.46,3.68,7.4,285,متوسط
A0366,20,مرد,اصفهان,175.5,59.0,راست,والیبال,3,4,15.16,4.08,6.8,310,مبتدی
A0367,26,زن,یزد,158.4,75.6,چپ,بدون سابقه,4,6,15.27,3.7,8.7,252,متوسط
A0368,15,زن,یزد,155.8,55.8,چپ,بسکتبال,3,4,14.33,4.01,8.6,348,متوسط
A0369,31,مرد,خراسان رضوی,169.8,83.7,راست,دوومیدانی,4,4,15.73,3.76,8.5,243,متوسط
A0370,13,مرد,فارس,185.5,75.8,چپ,تنیس,0,1,17.34,4.34,6.5,368,مبتدی
A0371,24,زن,قم,174.0,67.2,چپ,بسکتبال,0,1,15.43,4.06,4.6,284,مبتدی
A0372,22,زن,مازندران,157.0,56.0,چپ,دوومیدانی,6,5,16.09,3.38,8.9,396,متوسط
A0373,18,مرد,کرمانشاه,181.5,55.1,چپ,والیبال,3,3,15.74,4.04,8.4,351,مبتدی
A0374,31,مرد,گیلان,177.3,80.4,چپ,والیبال,1,3,15.3,3.73,6.3,267,متوسط
A0375,32,زن,خراسان رضوی,158.4,70.4,چپ,تنیس,2,3,16.46,4.23,6.1,370,مبتدی
A0376,18,مرد,البرز,167.6,86.8,چپ,والیبال,0,1,14.91,3.95,5.9,329,مبتدی
A0377,19,مرد,مازندران,180.3,64.2,چپ,دوومیدانی,0,1,16.89,3.86,7.2,286,مبتدی
A0378,29,مرد,مازندران,163.3,64.9,چپ,بدون سابقه,6,7,14.72,3.95,6.3,251,متوسط
A0379,24,زن,یزد,166.3,49.1,راست,بسکتبال,0,2,16.67,4.23,9.1,356,مبتدی
A0380,14,مرد,کرمان,162.3,63.2,راست,تنیس,1,2,15.36,3.73,7.4,379,متوسط
A0381,15,مرد,کرمانشاه,181.7,68.6,راست,بسکتبال,0,1,17.25,4.28,6.6,324,مبتدی
A0382,20,زن,قم,170.0,57.5,راست,شنا,6,4,14.64,4.04,6.4,359,مبتدی
A0383,20,زن,کرمان,156.8,68.2,راست,بدمینتون,3,3,17.09,3.88,7.5,314,مبتدی
A0384,13,مرد,البرز,179.8,58.3,راست,شنا,0,0,18.06,3.79,7.2,342,مبتدی
A0385,32,زن,فارس,165.6,47.6,چپ,دوومیدانی,0,0,14.31,3.82,5.1,298,مبتدی
A0386,17,زن,البرز,170.0,81.7,چپ,بدون سابقه,3,4,16.54,3.89,8.6,289,متوسط
A0387,21,زن,قم,145.5,57.9,راست,والیبال,0,3,16.99,4.03,7.5,368,مبتدی
A0388,18,زن,فارس,165.1,55.3,چپ,والیبال,0,0,19.08,3.99,4.1,306,مبتدی
A0389,23,زن,البرز,164.6,62.4,چپ,فوتبال,2,3,16.63,4.15,6.3,346,مبتدی
A0390,16,زن,خراسان رضوی,164.7,63.0,چپ,بسکتبال,3,2,15.92,4.04,8.4,357,مبتدی
A0391,19,مرد,خراسان رضوی,161.5,68.4,چپ,فوتبال,3,4,12.3,4.08,7.8,321,متوسط
A0392,20,زن,گیلان,174.0,51.1,چپ,دوومیدانی,1,2,14.28,4.31,7.9,386,مبتدی
A0393,24,مرد,تهران,157.5,82.0,راست,کاراته,2,4,16.73,3.86,8.8,392,مبتدی
A0394,13,زن,کرمانشاه,152.5,56.0,چپ,بدمینتون,0,3,16.63,4.02,4.3,312,مبتدی
A0395,27,زن,یزد,168.2,48.6,چپ,شنا,3,3,14.18,3.78,7.9,245,متوسط
A0396,29,مرد,کرمان,167.9,53.3,راست,بدمینتون,0,0,17.6,4.42,5.8,366,مبتدی
A0397,18,مرد,کرمان,173.0,68.6,راست,شنا,8,5,11.42,4.31,9.2,268,متوسط
A0398,30,مرد,مازندران,180.7,80.3,چپ,دوومیدانی,2,4,14.85,4.01,7.8,307,مبتدی
A0399,17,زن,مازندران,156.3,55.6,راست,والیبال,3,3,15.84,4.37,9.4,316,مبتدی
A0400,28,زن,کرمان,170.3,67.3,راست,بدمینتون,3,1,13.79,3.9,8.0,368,مبتدی
A0401,23,زن,فارس,171.0,43.7,راست,والیبال,0,3,15.73,3.77,7.1,369,مبتدی
A0402,19,مرد,یزد,175.0,69.8,راست,تنیس,0,3,16.5,4.03,6.5,309,مبتدی
A0403,23,مرد,کرمانشاه,164.9,47.1,چپ,بسکتبال,0,0,14.27,4.17,6.3,318,مبتدی
A0404,12,مرد,مازندران,168.2,59.7,چپ,تنیس,0,2,16.8,4.44,4.3,326,مبتدی
A0405,23,زن,تهران,153.1,44.3,چپ,تنیس,1,3,15.95,4.3,7.7,344,متوسط
A0406,19,زن,قم,160.8,56.8,راست,والیبال,3,5,13.96,4.19,8.5,297,متوسط
A0407,24,زن,قم,169.5,79.8,راست,والیبال,1,2,17.86,4.24,9.2,360,متوسط
A0408,25,زن,آذربایجان شرقی,158.9,64.7,راست,والیبال,5,3,16.71,4.28,9.1,228,متوسط
A0409,24,مرد,کرمانشاه,175.1,98.3,راست,بدمینتون,5,3,14.03,3.87,9.6,322,متوسط
A0410,24,زن,مازندران,177.3,56.2,راست,دوومیدانی,2,0,14.58,3.78,6.3,271,متوسط
A0411,28,مرد,خراسان رضوی,179.8,63.6,راست,شنا,3,3,14.17,4.03,7.8,318,متوسط
A0412,31,زن,قم,177.1,41.8,راست,بدون سابقه,1,1,16.63,4.22,7.3,285,مبتدی
A0413,31,مرد,کرمانشاه,162.4,64.4,راست,کاراته,2,2,17.11,3.97,6.7,292,مبتدی
A0414,25,مرد,خراسان رضوی,164.4,75.9,راست,شنا,1,1,15.42,4.34,9.0,318,مبتدی
A0415,29,مرد,اصفهان,176.5,87.9,راست,فوتبال,4,3,13.77,4.18,9.9,299,متوسط
A0416,21,زن,فارس,155.0,57.8,چپ,بسکتبال,6,6,14.47,3.92,7.1,302,متوسط
A0417,29,زن,قم,163.7,50.5,چپ,فوتبال,2,2,14.22,4.17,6.5,278,متوسط
A0418,28,زن,مازندران,158.1,60.4,راست,والیبال,4,4,15.79,3.76,7.1,352,متوسط
A0419,25,زن,کرمان,165.8,58.6,چپ,شنا,3,2,15.06,3.88,9.0,299,مبتدی
A0420,17,مرد,کرمانشاه,172.7,67.3,راست,بدون سابقه,3,3,13.62,3.79,6.8,396,متوسط
A0421,20,مرد,مازندران,170.4,75.2,راست,شنا,3,2,13.69,4.01,11.5,341,متوسط
A0422,27,مرد,گیلان,173.1,65.9,راست,والیبال,2,3,15.22,4.19,8.3,295,متوسط
A0423,20,مرد,خراسان رضوی,158.9,70.7,چپ,بسکتبال,5,5,12.41,3.72,7.1,246,متوسط
A0424,24,مرد,آذربایجان شرقی,168.3,70.0,چپ,تنیس,4,4,12.59,4.41,8.5,237,متوسط
A0425,14,زن,قم,154.2,35.0,راست,بدون سابقه,0,2,15.18,4.16,7.4,333,مبتدی
A0426,28,زن,گیلان,171.2,67.4,راست,تنیس,3,2,15.38,3.95,7.3,280,متوسط
A0427,19,مرد,البرز,172.4,90.1,چپ,بسکتبال,8,6,12.93,3.8,10.2,326,متوسط
A0428,17,زن,یزد,167.0,66.0,چپ,بدمینتون,2,3,16.16,3.89,7.1,267,متوسط
A0429,27,مرد,قم,180.4,76.7,چپ,کاراته,0,2,16.83,4.02,8.5,278,مبتدی
A0430,24,مرد,خراسان رضوی,167.3,62.6,چپ,شنا,2,2,15.21,4.07,7.4,314,متوسط
A0431,22,مرد,البرز,171.6,64.8,راست,بدون سابقه,3,3,15.34,3.84,6.8,358,مبتدی
A0432,22,مرد,آذربایجان شرقی,176.6,71.3,چپ,کاراته,0,2,16.11,4.44,7.3,346,مبتدی
A0433,12,مرد,یزد,160.9,67.8,راست,بسکتبال,0,2,18.05,4.21,8.2,359,مبتدی
A0434,24,زن,کرمانشاه,163.3,50.6,چپ,والیبال,1,3,14.4,4.01,8.7,329,متوسط
A0435,14,زن,کرمان,157.3,56.1,راست,شنا,7,6,15.14,3.45,9.6,270,متوسط
A0436,21,مرد,فارس,172.4,60.9,راست,شنا,4,4,14.71,4.34,7.5,250,متوسط
A0437,21,زن,فارس,180.6,70.7,راست,دوومیدانی,2,2,14.97,4.12,9.5,336,مبتدی
A0438,21,مرد,اصفهان,170.7,66.8,راست,بدمینتون,6,4,11.58,3.96,9.4,291,پیشرفته
A0439,16,زن,اصفهان,171.2,63.6,چپ,فوتبال,0,1,14.5,4.64,5.8,356,مبتدی
A0440,30,مرد,قم,184.0,68.3,چپ,بدون سابقه,5,3,13.58,3.95,6.6,269,متوسط
A0441,14,مرد,فارس,184.9,85.2,راست,دوومیدانی,0,2,18.26,3.9,5.8,373,مبتدی
A0442,24,مرد,خراسان رضوی,171.3,66.2,راست,بدون سابقه,2,4,15.84,4.12,7.5,363,مبتدی
A0443,12,مرد,تهران,171.4,50.0,راست,بدون سابقه,0,3,17.21,4.0,6.4,301,مبتدی
A0444,30,زن,یزد,152.2,62.0,راست,فوتبال,0,1,16.38,3.85,5.2,342,مبتدی
A0445,26,مرد,یزد,160.7,67.2,راست,فوتبال,0,0,15.96,3.77,7.2,405,مبتدی
A0446,13,زن,آذربایجان شرقی,153.7,69.1,راست,شنا,1,1,15.46,4.2,9.6,383,مبتدی
A0447,22,مرد,گیلان,189.9,95.3,چپ,تنیس,4,5,15.47,3.93,8.5,286,متوسط
A0448,26,زن,اصفهان,170.2,61.0,راست,بدون سابقه,3,3,14.38,3.98,6.9,232,متوسط
A0449,16,مرد,البرز,172.1,71.9,چپ,بدمینتون,2,4,15.37,3.77,7.6,325,مبتدی
A0450,15,زن,مازندران,165.9,57.6,راست,شنا,4,4,13.0,3.79,8.0,354,متوسط
A0451,25,زن,فارس,157.3,43.0,چپ,شنا,3,2,15.21,3.73,6.2,279,مبتدی
A0452,24,زن,کرمان,159.7,67.6,راست,بدمینتون,1,2,14.93,4.48,7.2,328,متوسط
A0453,30,مرد,کرمان,188.4,67.4,راست,بدمینتون,2,2,15.63,3.89,7.9,314,متوسط
A0454,19,مرد,گیلان,170.3,80.2,چپ,دوومیدانی,2,3,15.83,3.99,6.4,281,مبتدی
A0455,14,زن,مازندران,165.8,57.3,چپ,دوومیدانی,5,4,14.72,4.0,8.2,310,متوسط
A0456,27,زن,اصفهان,172.3,57.0,چپ,بدمینتون,0,2,16.75,4.03,7.8,230,مبتدی
A0457,12,زن,یزد,153.5,58.6,چپ,تنیس,7,6,15.38,3.88,8.1,239,متوسط
A0458,13,زن,گیلان,158.4,60.0,چپ,کاراته,3,4,15.49,4.16,6.9,338,مبتدی
A0459,32,زن,خراسان رضوی,160.5,62.3,چپ,بدمینتون,0,1,18.35,4.03,6.6,326,مبتدی
A0460,23,زن,یزد,164.1,70.9,چپ,کاراته,6,4,14.12,3.89,9.2,275,متوسط
A0461,28,زن,مازندران,158.8,40.3,راست,کاراته,0,2,15.12,4.0,6.6,322,مبتدی
A0462,17,مرد,قم,178.6,69.8,راست,بدمینتون,4,6,15.59,4.13,10.4,276,متوسط
A0463,29,زن,مازندران,168.7,40.8,راست,تنیس,2,3,14.51,3.96,8.0,318,مبتدی
A0464,30,زن,آذربایجان شرقی,169.3,62.1,راست,تنیس,2,4,14.42,4.1,8.5,325,متوسط
A0465,31,زن,خراسان رضوی,169.3,44.3,راست,کاراته,2,3,16.0,4.46,6.8,275,مبتدی
A0466,20,زن,اصفهان,151.5,72.2,راست,بسکتبال,2,2,17.85,4.19,7.7,292,مبتدی
A0467,32,مرد,کرمان,182.7,59.9,راست,فوتبال,2,3,15.56,3.9,9.6,294,متوسط
A0468,32,مرد,قم,183.4,83.7,چپ,کاراته,4,4,16.16,3.95,9.0,272,متوسط
A0469,30,مرد,مازندران,166.3,56.5,چپ,والیبال,2,2,12.97,4.0,4.9,295,متوسط
A0470,22,مرد,خراسان رضوی,167.4,87.2,چپ,والیبال,0,1,17.38,3.93,4.7,349,مبتدی
A0471,27,زن,مازندران,148.5,55.6,چپ,بدون سابقه,2,0,17.79,4.03,7.9,311,مبتدی
A0472,16,زن,گیلان,164.6,52.8,چپ,والیبال,1,3,16.51,3.78,5.9,337,مبتدی
A0473,14,مرد,کرمانشاه,169.2,70.6,راست,بدون سابقه,1,2,17.79,4.09,7.0,287,مبتدی
A0474,29,مرد,کرمانشاه,172.0,66.6,چپ,فوتبال,1,1,15.99,3.91,6.5,280,متوسط
A0475,16,زن,گیلان,151.0,71.8,راست,بسکتبال,1,1,13.46,3.9,9.4,317,متوسط
A0476,19,مرد,قم,178.2,65.3,چپ,بدمینتون,4,2,14.23,3.82,7.6,261,مبتدی
A0477,31,زن,خراسان رضوی,153.6,41.2,چپ,بدمینتون,0,1,15.79,4.38,7.5,340,مبتدی
A0478,12,مرد,البرز,180.1,87.8,چپ,والیبال,4,5,13.25,4.07,7.9,248,متوسط
A0479,13,مرد,خراسان رضوی,170.2,73.7,چپ,شنا,0,2,17.46,4.54,5.3,382,مبتدی
A0480,23,مرد,گیلان,166.4,54.9,چپ,بدمینتون,10,7,12.34,3.63,10.1,230,پیشرفته
A0481,13,مرد,قم,170.0,83.2,راست,والیبال,0,2,15.46,3.75,8.8,316,متوسط
A0482,26,زن,کرمانشاه,151.8,45.7,راست,بدمینتون,2,3,15.67,3.94,7.0,296,مبتدی
A0483,15,زن,گیلان,153.2,61.5,چپ,تنیس,0,1,16.26,4.01,6.0,450,مبتدی
A0484,28,زن,مازندران,166.4,62.2,راست,فوتبال,4,3,15.99,4.35,8.4,343,متوسط
A0485,31,زن,مازندران,170.5,55.0,چپ,والیبال,4,3,16.49,4.13,8.0,255,متوسط
A0486,20,مرد,آذربایجان شرقی,178.1,57.2,چپ,بدمینتون,1,1,16.28,4.25,9.4,306,متوسط
A0487,25,زن,اصفهان,156.0,50.4,چپ,والیبال,0,2,15.93,4.5,5.6,411,مبتدی
A0488,20,زن,آذربایجان شرقی,173.6,48.5,راست,دوومیدانی,5,5,14.15,4.16,10.0,307,متوسط
A0489,17,زن,کرمانشاه,145.9,46.2,چپ,کاراته,2,2,14.94,4.11,7.2,334,متوسط
A0490,29,مرد,البرز,166.9,84.3,چپ,بدون سابقه,2,1,16.49,4.07,7.2,301,مبتدی
A0491,30,مرد,تهران,167.6,80.9,چپ,شنا,2,3,15.83,4.28,6.4,280,مبتدی
A0492,25,زن,یزد,150.4,45.2,چپ,تنیس,0,2,17.74,3.97,5.1,389,مبتدی
A0493,25,زن,البرز,166.7,50.8,چپ,کاراته,2,1,15.56,4.01,6.0,261,متوسط
A0494,31,مرد,اصفهان,176.3,96.0,چپ,شنا,3,4,13.94,3.9,7.9,296,متوسط
A0495,32,مرد,یزد,178.3,68.9,چپ,والیبال,3,3,15.29,4.23,7.6,205,متوسط
A0496,15,زن,گیلان,162.8,73.6,چپ,شنا,6,5,14.71,3.87,8.3,308,متوسط
A0497,27,زن,فارس,145.2,56.7,راست,کاراته,6,5,14.13,3.53,8.6,304,متوسط
A0498,28,زن,البرز,171.2,57.4,چپ,بدمینتون,3,5,16.03,4.31,7.5,320,مبتدی
A0499,31,مرد,آذربایجان شرقی,165.5,59.3,چپ,دوومیدانی,4,2,14.04,4.12,7.7,250,متوسط
A0500,16,مرد,گیلان,168.1,61.3,چپ,والیبال,1,3,15.97,4.0,8.0,298,متوسط
A0501,23,زن,فارس,161.9,47.0,راست,تنیس,0,3,14.91,4.04,9.5,343,متوسط
A0502,28,مرد,خراسان رضوی,186.7,64.3,راست,والیبال,1,2,13.93,4.08,9.7,335,متوسط
A0503,26,مرد,اصفهان,172.3,57.5,راست,بسکتبال,1,2,17.13,4.14,6.5,378,مبتدی
A0504,26,مرد,تهران,172.3,66.7,راست,شنا,0,2,17.49,4.1,8.3,293,متوسط
A0505,28,زن,آذربایجان شرقی,160.1,63.9,راست,والیبال,0,1,16.41,3.94,5.9,409,مبتدی
A0506,19,زن,آذربایجان شرقی,148.8,59.8,چپ,تنیس,3,5,14.42,3.93,7.8,335,مبتدی
A0507,15,زن,مازندران,154.7,35.0,چپ,والیبال,0,1,15.83,4.31,7.3,361,مبتدی
A0508,12,زن,تهران,153.9,41.6,راست,فوتبال,4,3,14.77,3.79,8.0,256,متوسط
A0509,13,مرد,مازندران,171.5,74.2,چپ,دوومیدانی,0,0,16.33,3.74,7.8,398,مبتدی
A0510,32,مرد,فارس,161.3,81.7,چپ,بدون سابقه,7,5,13.67,4.17,11.5,257,متوسط
A0511,27,زن,یزد,156.0,82.1,چپ,شنا,5,3,14.01,4.07,8.8,313,متوسط
A0512,15,مرد,مازندران,159.6,69.3,چپ,بدون سابقه,2,2,14.37,4.0,6.8,246,مبتدی
A0513,32,زن,مازندران,163.9,67.4,راست,بدمینتون,0,2,16.66,4.17,7.5,384,مبتدی
A0514,26,مرد,آذربایجان شرقی,172.2,76.2,چپ,والیبال,2,3,13.94,4.11,8.7,300,متوسط
A0515,19,مرد,تهران,174.6,86.7,راست,بدون سابقه,7,7,14.27,3.6,8.0,305,متوسط
A0516,23,زن,آذربایجان شرقی,157.9,48.7,چپ,دوومیدانی,3,3,16.02,3.83,11.2,254,متوسط
A0517,17,زن,مازندران,162.1,46.8,چپ,بدمینتون,4,3,16.45,3.94,7.1,304,مبتدی
A0518,14,زن,آذربایجان شرقی,168.6,46.2,چپ,تنیس,2,3,15.21,4.12,9.0,331,مبتدی
A0519,13,زن,خراسان رضوی,158.3,55.1,چپ,شنا,3,5,14.56,4.13,7.7,396,مبتدی
A0520,22,مرد,خراسان رضوی,180.9,74.4,چپ,والیبال,1,2,13.09,4.01,8.6,314,متوسط
A0521,14,مرد,خراسان رضوی,162.9,59.1,چپ,بدمینتون,3,3,12.72,3.81,9.3,309,متوسط
A0522,25,زن,یزد,156.2,63.4,چپ,تنیس,2,2,14.76,4.26,5.2,341,مبتدی
A0523,20,مرد,یزد,179.5,66.7,چپ,بدون سابقه,2,2,15.34,4.19,7.4,306,مبتدی
A0524,19,مرد,خراسان رضوی,163.7,67.2,چپ,بسکتبال,1,3,15.38,3.99,7.7,261,متوسط
A0525,32,زن,آذربایجان شرقی,152.1,55.6,راست,بسکتبال,8,6,13.8,3.38,8.5,257,متوسط
A0526,24,مرد,آذربایجان شرقی,172.2,54.6,چپ,دوومیدانی,2,2,14.11,3.61,10.2,318,متوسط
A0527,16,زن,تهران,160.2,71.9,چپ,والیبال,7,6,13.57,3.7,7.5,287,متوسط
A0528,14,زن,فارس,167.3,48.8,راست,بسکتبال,2,4,17.17,4.33,5.9,279,مبتدی
A0529,13,مرد,فارس,169.5,63.6,چپ,دوومیدانی,6,7,14.98,4.03,9.8,298,متوسط
A0530,12,زن,اصفهان,150.5,38.6,راست,والیبال,5,4,13.27,3.72,8.0,355,متوسط
A0531,17,زن,خراسان رضوی,159.5,72.0,چپ,کاراته,2,1,15.05,3.93,8.1,380,مبتدی
A0532,30,مرد,مازندران,156.7,71.7,چپ,کاراته,3,3,14.31,4.04,6.1,348,مبتدی
A0533,24,مرد,البرز,172.7,72.0,راست,بسکتبال,0,0,16.39,4.59,5.3,328,مبتدی
A0534,20,زن,آذربایجان شرقی,153.8,59.3,راست,شنا,2,3,15.68,3.94,8.4,297,مبتدی
A0535,21,زن,فارس,157.1,68.3,چپ,تنیس,2,2,16.43,3.92,8.5,328,مبتدی
A0536,14,مرد,تهران,180.4,51.2,چپ,بسکتبال,2,3,15.25,4.02,7.8,344,مبتدی
A0537,31,زن,مازندران,158.7,48.0,چپ,تنیس,1,2,16.57,3.67,8.5,266,متوسط
A0538,26,زن,مازندران,166.0,52.7,راست,بسکتبال,5,4,15.53,3.96,10.1,377,متوسط
A0539,22,زن,گیلان,157.4,56.8,چپ,بدمینتون,2,5,16.74,3.86,7.3,226,مبتدی
A0540,20,مرد,یزد,184.4,46.6,راست,فوتبال,4,5,15.78,4.01,9.0,320,مبتدی
A0541,31,زن,مازندران,171.6,53.9,چپ,بدمینتون,3,1,14.84,4.05,7.2,347,متوسط
A0542,27,زن,تهران,152.1,45.6,چپ,تنیس,0,1,16.21,3.71,7.4,380,مبتدی
A0543,22,زن,یزد,159.3,71.9,راست,شنا,3,2,14.68,4.06,10.5,340,متوسط
A0544,28,مرد,فارس,155.0,66.1,راست,بدمینتون,0,2,15.0,3.82,5.4,342,مبتدی
A0545,24,زن,خراسان رضوی,161.2,62.0,چپ,فوتبال,0,5,16.03,4.19,7.7,289,متوسط
A0546,15,زن,کرمانشاه,160.8,69.1,چپ,والیبال,3,3,13.67,3.95,10.5,314,متوسط
A0547,14,مرد,خراسان رضوی,177.1,77.0,راست,والیبال,0,3,16.49,4.15,7.8,405,مبتدی
A0548,28,مرد,یزد,166.6,78.5,راست,کاراته,0,3,14.87,4.13,8.8,379,مبتدی
A0549,21,زن,البرز,160.3,45.9,راست,والیبال,4,3,15.84,3.9,8.4,247,متوسط
A0550,21,زن,مازندران,159.2,65.0,راست,تنیس,5,4,15.15,3.83,7.1,201,متوسط
A0551,29,مرد,مازندران,162.0,61.3,چپ,تنیس,2,3,14.1,4.11,7.9,296,متوسط
A0552,28,زن,البرز,162.5,61.0,چپ,والیبال,1,5,17.53,4.07,5.7,290,مبتدی
A0553,14,مرد,مازندران,154.4,50.1,راست,دوومیدانی,0,1,14.33,4.18,7.0,352,مبتدی
A0554,20,مرد,خراسان رضوی,166.4,63.4,چپ,والیبال,3,1,15.47,3.85,9.6,362,متوسط
A0555,23,مرد,کرمانشاه,171.9,70.2,چپ,دوومیدانی,1,2,15.87,3.98,8.1,332,مبتدی
A0556,29,مرد,اصفهان,182.8,77.6,راست,بدون سابقه,4,4,15.25,4.23,6.8,244,مبتدی
A0557,24,زن,آذربایجان شرقی,171.8,54.2,چپ,بدمینتون,5,5,13.12,4.21,8.7,309,متوسط
A0558,28,مرد,تهران,182.5,72.9,چپ,بدون سابقه,5,5,12.74,3.5,8.8,266,متوسط
A0559,25,مرد,تهران,172.2,59.1,راست,کاراته,3,3,15.66,4.18,9.9,427,مبتدی
A0560,20,زن,کرمانشاه,150.6,55.9,چپ,بسکتبال,1,4,15.21,4.24,7.4,362,متوسط
A0561,12,مرد,کرمان,169.9,81.6,راست,دوومیدانی,5,4,14.21,4.21,7.7,277,متوسط
A0562,23,زن,البرز,147.1,55.3,چپ,شنا,4,4,15.31,3.8,6.9,245,متوسط
A0563,21,مرد,اصفهان,176.7,49.8,راست,بدون سابقه,3,3,14.77,3.72,8.2,351,متوسط
A0564,13,زن,فارس,156.9,57.7,راست,والیبال,0,2,16.0,4.06,8.0,378,مبتدی
A0565,13,زن,اصفهان,164.9,49.0,راست,دوومیدانی,2,2,15.38,3.97,9.6,352,متوسط
A0566,27,زن,تهران,158.9,50.9,راست,شنا,6,4,14.82,4.17,8.6,281,متوسط
A0567,24,مرد,تهران,174.2,75.5,چپ,کاراته,6,4,15.7,3.96,7.7,227,متوسط
A0568,14,زن,تهران,146.9,35.6,راست,تنیس,5,4,11.51,3.97,8.3,339,متوسط
A0569,24,مرد,مازندران,169.4,69.7,راست,فوتبال,7,6,14.51,3.75,9.1,229,متوسط
A0570,15,مرد,البرز,162.5,74.2,چپ,فوتبال,4,2,14.37,4.05,6.9,284,متوسط
A0571,29,مرد,کرمانشاه,180.8,56.5,راست,بسکتبال,4,3,14.09,3.92,9.0,319,متوسط
A0572,20,مرد,خراسان رضوی,172.7,69.5,راست,بدون سابقه,1,2,14.16,3.92,6.9,235,متوسط
A0573,27,زن,کرمانشاه,166.5,58.9,راست,تنیس,1,1,15.81,3.94,6.0,354,مبتدی
A0574,25,مرد,خراسان رضوی,169.0,75.8,راست,بدون سابقه,4,3,15.34,4.0,7.9,321,مبتدی
A0575,22,زن,کرمان,162.5,75.6,راست,بدون سابقه,5,4,14.4,3.67,8.5,277,متوسط
A0576,27,مرد,یزد,168.4,55.9,راست,کاراته,1,1,15.54,4.33,10.2,383,مبتدی
A0577,25,مرد,اصفهان,169.7,87.8,چپ,والیبال,2,2,13.84,3.91,8.6,347,متوسط
A0578,29,زن,کرمان,151.3,50.5,چپ,کاراته,1,2,16.98,3.64,5.4,348,مبتدی
A0579,32,زن,البرز,178.4,55.4,چپ,کاراته,5,5,14.16,3.89,10.9,238,متوسط
A0580,20,مرد,گیلان,174.8,79.6,چپ,شنا,1,1,15.27,4.16,5.0,348,مبتدی
A0581,31,مرد,قم,188.2,70.8,راست,بدون سابقه,2,3,15.02,4.17,7.3,306,مبتدی
A0582,29,زن,کرمان,164.3,49.4,چپ,بدمینتون,1,3,17.29,3.85,8.8,305,متوسط
A0583,13,مرد,مازندران,168.2,56.0,چپ,شنا,2,3,14.85,4.1,6.9,271,مبتدی
A0584,21,زن,آذربایجان شرقی,158.5,62.4,راست,فوتبال,1,1,14.64,4.41,8.0,381,مبتدی
A0585,29,زن,تهران,166.1,65.6,چپ,بدمینتون,2,3,14.33,3.87,9.4,268,متوسط
A0586,15,زن,البرز,156.5,63.6,راست,فوتبال,3,4,14.75,3.62,7.9,336,مبتدی
A0587,24,مرد,اصفهان,181.0,68.0,راست,فوتبال,0,0,14.19,4.33,10.3,394,متوسط
A0588,20,مرد,فارس,169.5,72.8,چپ,والیبال,4,4,14.09,3.85,8.2,265,متوسط
A0589,27,مرد,قم,172.8,70.1,چپ,تنیس,3,5,13.59,3.95,7.2,348,مبتدی
A0590,19,زن,آذربایجان شرقی,162.0,52.8,چپ,بسکتبال,0,3,15.39,3.93,7.8,297,متوسط
A0591,18,مرد,کرمانشاه,171.2,90.4,راست,بسکتبال,5,4,16.14,3.88,7.9,354,مبتدی
A0592,20,مرد,فارس,182.2,55.5,چپ,دوومیدانی,0,1,15.96,4.13,6.3,307,مبتدی
A0593,32,زن,تهران,166.7,55.7,چپ,شنا,3,4,14.6,4.23,8.6,246,متوسط
A0594,16,زن,البرز,159.9,57.6,راست,کاراته,1,2,16.59,3.97,7.2,359,مبتدی
A0595,12,مرد,اصفهان,168.1,69.2,چپ,تنیس,3,2,16.87,4.1,9.0,354,مبتدی
A0596,29,زن,تهران,149.5,60.8,چپ,بدمینتون,2,2,17.53,3.95,6.6,285,مبتدی
A0597,13,زن,کرمان,167.6,60.2,چپ,والیبال,3,2,13.51,3.91,7.5,251,متوسط
A0598,13,مرد,فارس,182.7,62.0,راست,فوتبال,2,2,16.13,4.19,8.2,370,مبتدی
A0599,17,مرد,قم,168.2,57.5,چپ,بدون سابقه,1,5,13.69,4.2,8.2,292,متوسط
A0600,20,زن,گیلان,165.4,57.0,راست,بدمینتون,4,5,14.72,3.94,8.0,338,متوسط
A0601,26,مرد,فارس,158.8,63.7,راست,کاراته,5,2,14.6,4.13,6.9,330,مبتدی
A0602,20,زن,قم,161.9,63.1,چپ,فوتبال,1,2,16.02,4.35,7.0,405,مبتدی
A0603,16,مرد,اصفهان,177.8,68.8,چپ,شنا,1,1,16.03,4.16,5.3,293,مبتدی
A0604,16,مرد,فارس,181.9,56.3,راست,دوومیدانی,6,6,14.32,3.9,10.9,333,متوسط
A0605,21,زن,گیلان,166.9,69.0,چپ,تنیس,1,4,16.83,3.97,7.2,349,مبتدی
A0606,13,زن,اصفهان,161.2,56.2,راست,بدمینتون,3,2,15.03,3.86,6.9,313,مبتدی
A0607,12,مرد,یزد,164.6,69.4,چپ,بسکتبال,0,3,16.9,4.43,7.2,383,مبتدی
A0608,24,زن,گیلان,155.8,53.3,چپ,کاراته,8,6,14.0,3.56,9.6,211,متوسط
A0609,25,مرد,البرز,185.9,66.7,راست,کاراته,0,2,15.23,3.84,5.3,299,مبتدی
A0610,28,زن,فارس,167.9,48.2,چپ,کاراته,6,4,16.49,3.66,9.7,297,متوسط
A0611,22,مرد,مازندران,170.0,89.4,راست,فوتبال,0,2,14.5,4.05,5.8,337,مبتدی
A0612,22,زن,یزد,177.9,75.4,راست,کاراته,4,4,12.76,3.54,7.5,297,متوسط
A0613,31,زن,اصفهان,150.9,48.7,راست,فوتبال,1,0,14.26,4.2,9.0,315,متوسط
A0614,19,زن,آذربایجان شرقی,150.5,79.9,راست,فوتبال,0,1,16.24,3.72,6.5,356,مبتدی
A0615,26,مرد,آذربایجان شرقی,168.8,65.4,راست,دوومیدانی,5,5,14.46,3.96,7.0,295,مبتدی
A0616,18,مرد,البرز,166.3,66.4,راست,تنیس,0,0,16.25,3.78,7.9,319,متوسط
A0617,17,زن,کرمان,180.1,35.0,راست,بدون سابقه,2,2,16.55,3.72,8.1,292,متوسط
A0618,28,مرد,قم,168.9,57.3,چپ,والیبال,3,4,14.8,3.94,5.8,313,متوسط
A0619,20,زن,قم,158.0,48.4,چپ,بدون سابقه,3,1,14.86,4.14,7.9,379,متوسط
A0620,16,زن,فارس,153.2,53.8,چپ,فوتبال,1,1,16.59,3.7,9.2,391,متوسط
A0621,18,مرد,کرمانشاه,163.0,66.1,راست,بدمینتون,3,4,16.52,3.91,8.1,339,مبتدی
A0622,32,زن,یزد,158.1,68.4,چپ,فوتبال,4,3,14.72,4.14,7.1,301,متوسط
A0623,19,زن,یزد,170.0,60.7,چپ,بدمینتون,3,2,15.77,4.35,9.4,330,متوسط
A0624,13,مرد,تهران,175.2,64.9,راست,بدمینتون,1,3,16.4,3.81,6.3,330,مبتدی
A0625,29,مرد,گیلان,185.3,66.4,راست,بدون سابقه,2,2,14.63,4.43,8.1,333,متوسط
A0626,27,زن,مازندران,162.1,44.0,چپ,بدون سابقه,6,5,13.35,3.98,6.9,272,متوسط
A0627,13,زن,خراسان رضوی,163.2,63.0,راست,بدون سابقه,0,0,14.24,4.28,7.4,356,مبتدی
A0628,22,مرد,تهران,178.2,78.3,راست,تنیس,1,2,17.02,3.57,7.8,331,مبتدی
A0629,23,مرد,مازندران,175.7,68.3,چپ,شنا,4,4,14.08,3.88,8.9,319,متوسط
A0630,29,زن,البرز,161.7,56.1,راست,کاراته,0,2,16.86,3.96,6.9,399,مبتدی
A0631,16,مرد,خراسان رضوی,156.8,65.4,چپ,بدون سابقه,1,3,18.7,3.68,8.1,427,مبتدی
A0632,13,مرد,یزد,158.3,73.3,راست,بدمینتون,5,6,12.73,3.67,8.8,286,متوسط
A0633,25,مرد,کرمان,177.6,66.8,راست,بدمینتون,5,4,15.38,3.87,8.2,305,مبتدی
A0634,17,زن,البرز,158.4,51.8,راست,شنا,4,4,12.9,3.96,5.2,315,مبتدی
A0635,26,زن,کرمانشاه,173.4,46.1,راست,شنا,4,4,15.5,3.73,10.8,309,متوسط
A0636,22,زن,خراسان رضوی,159.6,69.1,چپ,والیبال,4,4,15.11,4.44,6.7,328,مبتدی
A0637,16,مرد,قم,172.5,55.4,چپ,کاراته,1,2,16.18,3.87,7.6,339,متوسط
A0638,17,مرد,خراسان رضوی,182.8,54.5,راست,والیبال,6,6,13.92,3.57,9.9,297,متوسط
A0639,18,زن,آذربایجان شرقی,153.2,57.7,راست,بدون سابقه,1,0,16.23,3.89,6.4,281,مبتدی
A0640,17,زن,فارس,158.3,62.6,چپ,والیبال,2,2,14.65,4.31,4.6,369,مبتدی
A0641,21,مرد,کرمان,166.8,84.2,راست,بدون سابقه,1,3,15.67,3.8,8.0,335,مبتدی
A0642,21,زن,البرز,146.9,50.1,راست,والیبال,1,4,14.89,3.98,8.2,361,مبتدی
A0643,31,زن,گیلان,158.6,65.9,چپ,شنا,2,2,14.5,4.05,10.4,379,مبتدی
A0644,14,مرد,کرمانشاه,159.8,77.1,چپ,بدمینتون,0,1,16.52,3.87,6.8,337,مبتدی
A0645,24,زن,اصفهان,149.5,85.1,راست,والیبال,5,2,15.52,4.01,8.9,337,مبتدی
A0646,23,زن,قم,161.6,53.6,راست,بدمینتون,3,3,16.69,4.03,10.7,274,متوسط
A0647,21,زن,خراسان رضوی,153.3,69.9,راست,فوتبال,0,3,17.47,4.13,8.0,373,مبتدی
A0648,25,مرد,کرمانشاه,173.6,71.9,راست,دوومیدانی,2,2,14.76,3.9,7.0,363,مبتدی
A0649,27,زن,کرمانشاه,151.9,62.0,چپ,کاراته,6,4,15.02,3.98,10.1,265,متوسط
A0650,17,زن,مازندران,173.8,71.2,چپ,دوومیدانی,3,3,17.31,3.63,9.8,299,متوسط
A0651,21,زن,خراسان رضوی,150.4,79.7,راست,تنیس,5,4,11.9,3.97,6.5,296,متوسط
A0652,27,زن,تهران,157.6,48.1,چپ,بدمینتون,5,4,14.61,4.09,8.3,397,متوسط
A0653,15,مرد,کرمانشاه,170.5,65.7,راست,تنیس,0,2,15.3,3.82,8.8,324,متوسط
A0654,26,زن,فارس,166.2,60.8,راست,دوومیدانی,2,3,13.9,4.32,9.8,305,متوسط
A0655,28,مرد,مازندران,165.2,76.1,چپ,تنیس,2,2,15.34,4.26,7.5,320,مبتدی
A0656,30,مرد,تهران,161.1,76.6,چپ,شنا,3,1,13.8,4.04,8.6,350,متوسط
A0657,17,مرد,قم,182.3,73.8,چپ,بدون سابقه,1,2,16.0,4.07,6.7,339,مبتدی
A0658,22,زن,مازندران,172.5,80.7,راست,دوومیدانی,6,4,13.82,4.09,7.9,300,متوسط
A0659,13,زن,کرمان,171.0,54.1,راست,بدون سابقه,4,4,13.58,3.79,10.4,182,متوسط
A0660,21,مرد,کرمان,167.5,94.4,راست,شنا,0,1,17.3,4.29,7.0,305,مبتدی
A0661,15,زن,آذربایجان شرقی,147.7,72.2,راست,دوومیدانی,0,3,16.87,4.29,10.2,381,مبتدی
A0662,16,مرد,آذربایجان شرقی,175.4,63.8,چپ,دوومیدانی,4,3,13.94,3.81,9.2,354,متوسط
A0663,19,زن,آذربایجان شرقی,161.7,67.0,چپ,فوتبال,2,2,16.45,4.77,7.7,267,مبتدی
A0664,24,زن,یزد,168.3,50.1,چپ,دوومیدانی,5,6,14.47,3.96,9.5,305,متوسط
A0665,21,زن,فارس,152.3,62.7,راست,بدون سابقه,2,1,13.45,3.75,6.5,342,مبتدی
A0666,17,زن,گیلان,172.4,42.3,چپ,کاراته,1,2,15.76,3.86,6.8,321,متوسط
A0667,28,مرد,فارس,174.0,68.4,راست,دوومیدانی,7,6,14.93,3.85,7.8,250,متوسط
A0668,31,زن,اصفهان,166.9,60.8,چپ,بدمینتون,5,5,12.26,3.91,7.6,269,متوسط
A0669,13,مرد,کرمانشاه,172.1,61.7,راست,بسکتبال,2,2,14.83,4.04,7.8,281,متوسط
A0670,22,زن,کرمانشاه,166.0,65.7,راست,دوومیدانی,3,3,13.83,3.93,8.0,321,متوسط
A0671,24,مرد,کرمان,181.7,75.7,راست,شنا,5,4,13.06,3.57,8.7,292,متوسط
A0672,18,زن,کرمان,169.4,55.3,چپ,شنا,2,3,15.57,4.03,8.9,290,متوسط
A0673,26,زن,البرز,148.9,58.7,راست,والیبال,5,4,13.41,3.95,6.6,275,مبتدی
A0674,18,زن,فارس,165.4,73.0,راست,فوتبال,1,1,16.66,4.26,5.6,374,مبتدی
A0675,28,مرد,آذربایجان شرقی,179.2,80.0,چپ,دوومیدانی,5,2,14.04,3.77,7.5,270,متوسط
A0676,28,مرد,اصفهان,170.2,73.2,راست,والیبال,3,3,15.14,3.33,7.0,321,متوسط
A0677,21,زن,قم,170.2,57.2,راست,بدمینتون,4,3,14.62,4.15,7.4,279,متوسط
A0678,20,زن,مازندران,160.6,45.5,چپ,دوومیدانی,0,0,15.05,4.11,8.4,326,مبتدی
A0679,27,زن,خراسان رضوی,160.8,61.8,چپ,تنیس,5,4,14.37,3.99,9.0,301,متوسط
A0680,26,مرد,گیلان,161.0,68.9,چپ,دوومیدانی,3,4,14.76,4.02,8.9,340,متوسط
A0681,23,زن,خراسان رضوی,166.0,48.0,راست,بدون سابقه,4,3,16.03,4.33,8.2,260,متوسط
A0682,20,مرد,تهران,173.9,67.7,راست,والیبال,3,2,14.15,3.85,9.4,267,متوسط
A0683,29,زن,یزد,155.8,62.3,راست,کاراته,4,6,14.48,4.01,8.6,243,متوسط
A0684,12,زن,تهران,169.6,56.8,راست,بدمینتون,2,3,16.49,4.16,7.4,334,مبتدی
A0685,15,مرد,تهران,181.2,93.1,راست,بسکتبال,3,5,13.7,4.29,8.6,325,مبتدی
A0686,24,مرد,فارس,167.7,69.7,راست,بدمینتون,1,3,16.79,4.14,7.8,279,مبتدی
A0687,22,زن,کرمانشاه,168.7,60.6,چپ,کاراته,0,2,16.69,4.18,5.3,400,مبتدی
A0688,15,زن,آذربایجان شرقی,154.6,63.6,راست,کاراته,2,6,14.91,4.22,5.9,300,متوسط
A0689,24,مرد,اصفهان,156.5,71.6,چپ,شنا,3,3,15.72,4.05,10.0,397,متوسط
A0690,31,زن,مازندران,166.1,65.6,چپ,والیبال,5,4,13.71,3.49,9.0,261,متوسط
A0691,27,زن,البرز,166.4,72.4,چپ,بدون سابقه,3,3,14.22,4.16,8.6,311,متوسط
A0692,30,مرد,کرمانشاه,177.1,65.8,راست,تنیس,2,4,15.38,3.86,6.1,335,مبتدی
A0693,14,زن,قم,160.3,55.5,راست,بدون سابقه,1,1,15.65,4.01,8.4,248,متوسط
A0694,14,زن,کرمانشاه,164.7,52.9,چپ,بدمینتون,3,1,14.36,3.75,9.4,338,متوسط
A0695,18,مرد,آذربایجان شرقی,179.3,70.8,چپ,بدون سابقه,4,4,15.65,4.08,9.5,342,متوسط
A0696,17,مرد,قم,162.8,59.1,راست,دوومیدانی,3,5,15.59,3.77,5.9,275,مبتدی
A0697,23,مرد,فارس,169.3,59.2,چپ,تنیس,5,4,16.57,4.07,9.5,296,متوسط
A0698,21,مرد,تهران,166.5,86.6,راست,بسکتبال,5,3,13.4,3.77,11.3,249,متوسط
A0699,29,زن,یزد,151.1,64.0,چپ,بسکتبال,0,2,15.33,3.64,6.6,296,مبتدی
A0700,13,زن,گیلان,157.9,53.6,چپ,فوتبال,7,6,14.4,3.79,9.7,306,متوسط
A0701,25,مرد,کرمان,169.9,73.5,چپ,تنیس,0,2,16.26,3.99,5.7,327,مبتدی
A0702,23,زن,کرمانشاه,155.0,50.0,راست,بدمینتون,3,3,14.52,4.03,6.3,343,متوسط
A0703,24,مرد,آذربایجان شرقی,167.7,79.1,راست,بدمینتون,4,4,15.37,4.19,7.6,245,مبتدی
A0704,25,مرد,اصفهان,171.3,54.5,راست,کاراته,4,2,15.18,3.62,10.7,330,متوسط
A0705,15,مرد,کرمانشاه,177.3,91.8,چپ,فوتبال,2,3,16.51,4.14,6.9,327,مبتدی
A0706,31,زن,البرز,144.2,61.8,راست,کاراته,1,2,14.02,4.43,7.4,318,مبتدی
A0707,23,مرد,تهران,160.6,60.9,چپ,والیبال,0,0,12.71,3.88,6.8,226,متوسط
A0708,29,مرد,یزد,172.3,79.9,راست,دوومیدانی,4,5,14.91,4.03,9.8,283,متوسط
A0709,23,مرد,گیلان,171.6,53.9,چپ,فوتبال,4,4,15.48,3.87,10.2,270,متوسط
A0710,13,مرد,کرمان,185.3,70.7,چپ,بدون سابقه,8,6,13.17,3.73,10.5,245,پیشرفته
A0711,17,زن,قم,162.2,55.7,راست,کاراته,7,4,13.4,3.34,8.4,226,پیشرفته
A0712,17,مرد,فارس,165.3,75.5,راست,بدمینتون,4,6,16.22,3.72,9.1,334,مبتدی
A0713,14,زن,گیلان,146.0,49.5,چپ,بدون سابقه,3,2,15.74,4.18,6.6,327,مبتدی
A0714,16,زن,فارس,167.4,52.0,چپ,بسکتبال,4,3,16.76,3.95,8.2,321,مبتدی
A0715,12,مرد,کرمانشاه,166.1,74.3,چپ,فوتبال,5,4,13.36,3.83,8.2,263,متوسط
A0716,17,مرد,اصفهان,162.4,72.9,چپ,دوومیدانی,1,3,16.42,3.94,8.0,293,مبتدی
A0717,15,زن,مازندران,162.7,53.6,چپ,بدمینتون,5,5,14.21,3.94,7.2,306,متوسط
A0718,14,زن,فارس,160.2,67.5,چپ,بسکتبال,4,4,17.17,3.63,6.2,255,مبتدی
A0719,25,مرد,خراسان رضوی,153.9,60.8,راست,بسکتبال,3,3,13.96,4.23,6.4,310,مبتدی
A0720,30,مرد,مازندران,167.6,70.9,راست,بدون سابقه,2,2,14.37,4.39,5.7,348,متوسط
A0721,29,زن,البرز,164.7,35.1,راست,دوومیدانی,0,1,17.17,3.95,6.4,415,مبتدی
A0722,31,مرد,فارس,163.6,70.9,چپ,بسکتبال,3,2,12.77,3.95,8.6,303,متوسط
A0723,27,زن,کرمانشاه,157.7,49.5,راست,فوتبال,6,5,13.81,3.91,8.4,253,متوسط
A0724,14,مرد,کرمانشاه,170.7,68.9,چپ,بدون سابقه,3,4,15.7,4.04,6.5,322,مبتدی
A0725,12,زن,آذربایجان شرقی,147.2,59.1,راست,فوتبال,0,1,18.69,4.0,8.0,338,مبتدی
A0726,25,زن,مازندران,164.9,45.7,چپ,فوتبال,4,5,17.36,3.75,8.1,245,متوسط
A0727,29,زن,تهران,150.0,60.9,چپ,بدمینتون,6,6,13.86,4.03,11.5,332,متوسط
A0728,26,زن,خراسان رضوی,157.3,63.5,چپ,تنیس,2,4,15.37,3.81,8.6,376,مبتدی
A0729,26,مرد,کرمان,150.3,73.0,چپ,کاراته,0,3,16.36,4.42,7.0,347,مبتدی
A0730,28,مرد,آذربایجان شرقی,172.2,81.4,راست,والیبال,0,2,15.77,4.43,6.1,333,مبتدی
A0731,30,زن,اصفهان,158.7,76.6,چپ,فوتبال,3,3,13.66,4.01,8.7,350,مبتدی
A0732,30,زن,کرمان,173.7,55.9,راست,کاراته,3,3,14.68,3.47,7.9,322,متوسط
A0733,31,مرد,فارس,164.0,76.1,چپ,بدمینتون,1,2,18.48,4.05,8.8,310,مبتدی
A0734,14,زن,اصفهان,155.3,61.5,راست,بدمینتون,1,1,15.66,3.91,7.1,227,مبتدی
A0735,19,مرد,تهران,170.4,69.6,چپ,والیبال,6,5,13.95,3.81,8.1,305,متوسط
A0736,29,زن,یزد,162.7,54.0,چپ,فوتبال,0,2,14.41,4.27,9.6,376,متوسط
A0737,20,زن,تهران,175.5,51.3,چپ,بسکتبال,7,5,13.17,3.81,9.0,217,پیشرفته
A0738,27,مرد,فارس,164.8,56.6,چپ,دوومیدانی,4,4,13.54,3.85,7.5,308,متوسط
A0739,29,مرد,البرز,165.3,72.7,چپ,تنیس,2,3,16.45,4.04,8.2,296,متوسط
A0740,28,زن,قم,157.0,61.5,چپ,والیبال,6,6,15.91,3.73,9.1,222,متوسط
A0741,16,زن,اصفهان,162.3,66.2,چپ,دوومیدانی,2,3,15.4,4.44,7.4,313,مبتدی
A0742,18,مرد,مازندران,172.1,73.9,چپ,تنیس,0,1,15.87,3.83,7.1,364,مبتدی
A0743,26,زن,قم,158.6,64.3,راست,بدمینتون,3,2,12.95,4.05,6.2,259,متوسط
A0744,13,مرد,فارس,168.6,76.2,چپ,کاراته,3,3,14.53,4.02,8.0,301,متوسط
A0745,12,مرد,مازندران,177.5,62.6,چپ,فوتبال,2,3,14.69,4.34,7.8,234,متوسط
A0746,31,زن,اصفهان,155.9,41.3,چپ,کاراته,1,1,16.74,3.93,6.8,384,مبتدی
A0747,17,مرد,فارس,157.3,68.4,چپ,بدمینتون,0,2,14.11,3.82,8.0,374,متوسط
A0748,27,مرد,کرمان,166.8,60.9,راست,بسکتبال,5,4,13.83,4.09,9.2,255,متوسط
A0749,12,مرد,البرز,164.8,82.6,راست,بدون سابقه,3,4,15.73,4.08,7.2,286,مبتدی
A0750,17,زن,کرمان,174.1,50.7,چپ,دوومیدانی,7,5,12.44,4.06,8.2,235,متوسط
A0751,27,مرد,خراسان رضوی,175.6,68.5,چپ,تنیس,2,5,16.43,4.15,7.5,334,مبتدی
A0752,20,زن,گیلان,157.5,64.7,چپ,بسکتبال,1,1,17.67,4.14,6.5,306,مبتدی
A0753,19,مرد,کرمانشاه,160.8,67.0,راست,شنا,6,5,12.39,3.79,6.9,291,متوسط
A0754,29,مرد,کرمان,172.1,64.6,چپ,تنیس,4,4,14.93,3.66,9.0,354,متوسط
A0755,25,زن,کرمانشاه,162.9,57.9,راست,دوومیدانی,0,4,17.07,4.18,7.9,353,مبتدی
A0756,21,زن,البرز,157.8,56.9,چپ,بدون سابقه,4,2,13.59,3.61,8.8,297,متوسط
A0757,28,زن,فارس,156.8,64.2,چپ,بدمینتون,2,3,14.53,4.26,7.9,289,مبتدی
A0758,29,مرد,قم,174.5,61.3,راست,بسکتبال,0,1,16.38,4.07,6.3,370,مبتدی
A0759,32,مرد,مازندران,155.5,68.3,چپ,فوتبال,3,2,15.99,3.74,8.7,202,متوسط
A0760,20,زن,فارس,157.5,62.8,راست,فوتبال,2,3,14.71,4.12,8.4,427,مبتدی
A0761,26,زن,مازندران,171.2,68.1,راست,بدون سابقه,4,5,14.95,3.8,8.8,311,متوسط
A0762,24,مرد,قم,158.1,65.1,چپ,دوومیدانی,3,4,16.7,3.94,7.1,322,مبتدی
A0763,13,زن,یزد,160.6,49.2,راست,کاراته,1,2,15.64,3.92,6.2,327,مبتدی
A0764,30,مرد,گیلان,166.5,71.8,چپ,کاراته,3,2,16.82,4.02,6.1,299,مبتدی
A0765,30,زن,قم,173.3,49.7,راست,بدون سابقه,4,4,14.44,4.32,9.7,293,متوسط
A0766,22,مرد,آذربایجان شرقی,179.2,78.7,راست,فوتبال,3,5,15.14,3.83,7.1,368,مبتدی
A0767,30,مرد,تهران,171.0,76.5,راست,بدون سابقه,3,4,13.99,3.7,8.1,338,متوسط
A0768,25,مرد,آذربایجان شرقی,196.6,74.2,راست,فوتبال,4,3,14.26,3.81,7.8,266,متوسط
A0769,25,زن,کرمانشاه,168.4,81.4,چپ,شنا,3,4,13.8,4.17,10.3,297,متوسط
A0770,12,مرد,گیلان,166.5,81.8,چپ,شنا,3,2,14.78,3.82,11.4,321,متوسط
A0771,15,مرد,یزد,174.3,62.4,راست,والیبال,4,3,15.91,4.23,8.6,343,مبتدی
A0772,28,مرد,خراسان رضوی,159.5,61.7,راست,بدون سابقه,4,4,14.6,3.88,6.7,290,متوسط
A0773,16,مرد,گیلان,181.9,70.7,چپ,والیبال,3,3,14.57,3.79,10.1,406,متوسط
A0774,26,مرد,فارس,178.5,70.9,راست,فوتبال,1,2,16.76,4.43,7.4,384,مبتدی
A0775,20,زن,فارس,159.1,59.5,راست,دوومیدانی,1,3,15.59,4.12,5.5,333,مبتدی
A0776,21,مرد,اصفهان,148.5,68.0,راست,والیبال,3,3,12.07,4.27,7.0,323,مبتدی
A0777,15,مرد,کرمانشاه,162.4,69.9,چپ,شنا,5,5,15.05,4.39,7.2,336,مبتدی
A0778,17,زن,کرمان,156.5,39.7,چپ,شنا,5,5,13.48,4.16,9.6,312,متوسط
A0779,31,مرد,البرز,185.9,69.0,چپ,تنیس,3,4,13.78,4.04,7.8,281,متوسط
A0780,17,زن,قم,166.1,63.5,چپ,فوتبال,2,3,15.5,3.99,6.8,320,مبتدی
A0781,23,مرد,کرمانشاه,171.4,84.5,راست,بدون سابقه,0,2,15.2,3.93,9.1,419,مبتدی
A0782,23,مرد,کرمان,170.2,60.1,چپ,کاراته,0,1,17.49,4.21,6.4,293,مبتدی
A0783,29,زن,قم,157.4,68.7,راست,دوومیدانی,4,3,13.94,3.83,8.5,255,متوسط
A0784,32,مرد,قم,170.6,57.0,راست,دوومیدانی,4,2,15.42,3.79,9.1,314,متوسط
A0785,15,زن,کرمانشاه,171.1,56.0,راست,بدون سابقه,2,2,13.84,3.97,8.4,349,متوسط
A0786,20,مرد,کرمان,166.7,78.0,چپ,بسکتبال,4,6,15.05,3.35,7.2,318,متوسط
A0787,16,زن,مازندران,162.8,72.5,راست,بسکتبال,3,3,15.16,4.45,8.2,281,مبتدی
A0788,16,مرد,البرز,165.3,76.9,راست,بدون سابقه,2,1,14.53,3.78,8.6,321,متوسط
A0789,14,زن,مازندران,155.6,36.8,چپ,بدون سابقه,1,3,17.02,4.03,6.7,336,مبتدی
A0790,31,مرد,گیلان,172.1,68.7,چپ,کاراته,6,5,12.86,4.25,8.8,206,متوسط
A0791,32,مرد,فارس,168.1,68.0,چپ,فوتبال,0,3,15.39,4.41,8.6,368,مبتدی
A0792,14,مرد,تهران,179.2,77.1,چپ,دوومیدانی,1,3,14.71,4.24,5.2,373,مبتدی
A0793,28,زن,یزد,162.1,62.6,راست,بدمینتون,2,2,14.52,4.16,8.7,231,متوسط
A0794,28,زن,مازندران,162.2,73.8,چپ,بسکتبال,3,4,15.62,3.78,6.7,320,مبتدی
A0795,24,زن,آذربایجان شرقی,164.9,50.1,راست,بدمینتون,2,4,14.26,3.91,7.4,336,مبتدی
A0796,28,زن,آذربایجان شرقی,169.2,72.0,چپ,بدمینتون,6,6,14.95,3.75,9.0,189,متوسط
A0797,24,زن,قم,174.8,57.9,راست,والیبال,0,1,16.57,4.05,9.4,354,مبتدی
A0798,31,زن,البرز,164.6,71.6,چپ,والیبال,2,3,15.53,4.28,5.6,340,مبتدی
A0799,17,مرد,مازندران,167.1,76.7,راست,والیبال,1,1,16.58,4.39,6.9,349,مبتدی
